player_name,position,minutes_played,dpr,dpr_breakdown__game_control,dpr_breakdown__transition_play,dpr_breakdown__defensive_contribution,dpr_breakdown__creativity,dpr_breakdown__work_rate,status,team,number,key_stats_p90__shots_p90,key_stats_p90__shots_on_target_p90,key_stats_p90__goals_p90,key_stats_p90__passes_p90,key_stats_p90__successful_passes_p90,key_stats_p90__unsuccessful_passes_p90,key_stats_p90__key_passes_p90,key_stats_p90__assists_p90,key_stats_p90__avg_pass_distance_p90,key_stats_p90__progressive_passes_p90,key_stats_p90__duels_p90,key_stats_p90__duels_won_p90,key_stats_p90__tackles_p90,key_stats_p90__successful_tackles_p90,key_stats_p90__tackle_success_rate_pct_p90,key_stats_p90__interceptions_p90,key_stats_p90__clearances_p90,key_stats_p90__recoveries_p90,key_stats_p90__blocked_shots_p90,key_stats_p90__dribbles_p90,key_stats_p90__successful_dribbles_p90,key_stats_p90__dribble_success_rate_pct_p90,key_stats_p90__shot_accuracy_pct_p90,key_stats_p90__goal_conversion_pct_p90,key_stats_p90__passing_accuracy_pct_p90,key_stats_p90__key_pass_rate_pct_p90,key_stats_p90__duel_success_rate_pct_p90,raw_stats__possession__your_possession_time_seconds,raw_stats__possession__possession_pct,raw_stats__distribution__passes,raw_stats__distribution__successful_passes,raw_stats__distribution__unsuccessful_passes,raw_stats__distribution__passing_accuracy_pct,raw_stats__distribution__key_passes,raw_stats__distribution__key_pass_rate_pct,raw_stats__distribution__assists,raw_stats__distribution__avg_pass_distance,raw_stats__distribution__progressive_passes,raw_stats__attack__shots,raw_stats__attack__shots_on_target,raw_stats__attack__goals,raw_stats__attack__shot_accuracy_pct,raw_stats__attack__goal_conversion_pct,raw_stats__dribbles__dribbles,raw_stats__dribbles__successful_dribbles,raw_stats__dribbles__dribble_success_rate_pct,raw_stats__defense__duels,raw_stats__defense__duels_won,raw_stats__defense__duel_success_rate_pct,raw_stats__defense__tackles,raw_stats__defense__successful_tackles,raw_stats__defense__tackle_success_rate_pct,raw_stats__defense__interceptions,raw_stats__defense__clearances,raw_stats__defense__recoveries,raw_stats__defense__blocked_shots,raw_stats__discipline__fouls_conceded,raw_stats__discipline__yellow_cards,raw_stats__discipline__red_cards,shots_p90,shots_on_target_p90,goals_p90,passes_p90,successful_passes_p90,unsuccessful_passes_p90,key_passes_p90,assists_p90,avg_pass_distance_p90,progressive_passes_p90,duels_p90,duels_won_p90,tackles_p90,successful_tackles_p90,tackle_success_rate_pct_p90,interceptions_p90,clearances_p90,recoveries_p90,blocked_shots_p90,dribbles_p90,successful_dribbles_p90,dribble_success_rate_pct_p90,shot_accuracy_pct_p90,goal_conversion_pct_p90,passing_accuracy_pct_p90,key_pass_rate_pct_p90,duel_success_rate_pct_p90,dpr_breakdown__finishing_quality,dpr_breakdown__offensive_contribution,dpr_breakdown__link_up_play,dpr_breakdown__movement_threat,dpr_breakdown__defensive_impact,dpr_breakdown__build_up_quality,dpr_breakdown__positioning_score,dpr_breakdown__physical_play,dpr_breakdown__shot_stopping,dpr_breakdown__distribution_quality,dpr_breakdown__command_area,dpr_breakdown__ball_playing,dpr_breakdown__consistency,key_stats_p90__saves_p90,key_stats_p90__goals_conceded_p90,key_stats_p90__shots_faced_p90,key_stats_p90__shots_on_target_against_p90,key_stats_p90__goals_against_p90,key_stats_p90__save_pct_p90,key_stats_p90__saves_per90,key_stats_p90__goals_against_per90,key_stats_p90__shots_on_target_against_per90,key_stats_p90__save_pct,raw_stats__defense__saves,raw_stats__defense__goals_conceded,raw_stats__goalkeeper__shots_faced,raw_stats__goalkeeper__saves,raw_stats__goalkeeper__goals_conceded,raw_stats__goalkeeper__save_pct,raw_stats__goalkeeper__shots_on_target_against,raw_stats__goalkeeper__goals_against,saves_p90,goals_conceded_p90,shots_faced_p90,shots_on_target_against_p90,goals_against_p90,save_pct_p90,saves_per90,goals_against_per90,shots_on_target_against_per90,save_pct,dpr_breakdown__attack,dpr_breakdown__defense,dpr_breakdown__distribution,dpr_breakdown__discipline,match_number,match_id,added_at,position_history,position_changed,key_stats_p90__shots_raw,key_stats_p90__shots_on_target_raw,key_stats_p90__goals_raw,key_stats_p90__shot_accuracy_pct_raw,key_stats_p90__goal_conversion_pct_raw,key_stats_p90__passes_raw,key_stats_p90__successful_passes_raw,key_stats_p90__unsuccessful_passes_raw,key_stats_p90__passing_accuracy_pct_raw,key_stats_p90__key_passes_raw,key_stats_p90__key_pass_rate_pct_raw,key_stats_p90__assists_raw,key_stats_p90__avg_pass_distance_raw,key_stats_p90__progressive_passes_raw,key_stats_p90__duels_raw,key_stats_p90__duels_won_raw,key_stats_p90__duel_success_rate_pct_raw,key_stats_p90__tackles_raw,key_stats_p90__successful_tackles_raw,key_stats_p90__tackle_success_rate_pct_raw,key_stats_p90__interceptions_raw,key_stats_p90__clearances_raw,key_stats_p90__recoveries_raw,key_stats_p90__blocked_shots_raw,key_stats_p90__dribbles_raw,key_stats_p90__successful_dribbles_raw,key_stats_p90__dribble_success_rate_pct_raw,key_stats_p90__note,shots_raw,shots_on_target_raw,goals_raw,shot_accuracy_pct_raw,goal_conversion_pct_raw,passes_raw,successful_passes_raw,unsuccessful_passes_raw,passing_accuracy_pct_raw,key_passes_raw,key_pass_rate_pct_raw,assists_raw,avg_pass_distance_raw,progressive_passes_raw,duels_raw,duels_won_raw,duel_success_rate_pct_raw,tackles_raw,successful_tackles_raw,tackle_success_rate_pct_raw,interceptions_raw,clearances_raw,recoveries_raw,blocked_shots_raw,dribbles_raw,successful_dribbles_raw,dribble_success_rate_pct_raw,note
"Abalos, Nicolai",CDM,91.28,62.8,86.5,70.0,29.5,23.1,100.0,starter,San Beda University,10,1.97,0.99,0.0,53.24,43.38,9.86,0.99,0.0,-4.06,7.89,0.0,0.0,0.0,0.0,0.0,3.94,0.0,0.0,0.99,14.79,12.82,86.67,50.0,0.0,81.48,1.85,0.0,312.0,10.7,54.0,44.0,10.0,81.48,1.0,1.85,0.0,-4.12,8.0,2.0,1.0,0.0,50.0,0.0,15.0,13.0,86.67,0.0,0.0,0.0,0.0,0.0,0.0,4.0,0.0,0.0,1.0,1.0,0.0,0.0,1.97,0.99,0.0,53.24,43.38,9.86,0.99,0.0,-4.06,7.89,0.0,0.0,0.0,0.0,0.0,3.94,0.0,0.0,0.99,14.79,12.82,86.67,50.0,0.0,81.48,1.85,0.0,,,,,,,,,,,,,,,,,,,,,,,,,,,,,,,,,,,,,,,,,,,,,,1,Match_1,2025-12-05T09:56:12.922367+00:00,[],0,,,,,,,,,,,,,,,,,,,,,,,,,,,,,,,,,,,,,,,,,,,,,,,,,,,,,,,,
"Detoya, Carl",CDM,91.35,60.9,97.6,69.0,49.4,0.0,45.3,starter,San Beda University,17,0.0,0.0,0.0,20.69,19.7,0.99,0.0,0.0,-0.29,3.94,1.97,1.97,0.99,0.99,98.52,3.94,0.99,0.0,0.0,2.96,2.96,100.0,0.0,0.0,95.24,0.0,100.0,52.0,1.78,21.0,20.0,1.0,95.24,0.0,0.0,0.0,-0.29,4.0,0.0,0.0,0.0,0.0,0.0,3.0,3.0,100.0,2.0,2.0,100.0,1.0,1.0,100.0,4.0,1.0,0.0,0.0,0.0,0.0,0.0,0.0,0.0,0.0,20.69,19.7,0.99,0.0,0.0,-0.29,3.94,1.97,1.97,0.99,0.99,98.52,3.94,0.99,0.0,0.0,2.96,2.96,100.0,0.0,0.0,95.24,0.0,100.0,,,,,,,,,,,,,,,,,,,,,,,,,,,,,,,,,,,,,,,,,,,,,,1,Match_1,2025-12-05T09:56:12.922367+00:00,[],0,,,,,,,,,,,,,,,,,,,,,,,,,,,,,,,,,,,,,,,,,,,,,,,,,,,,,,,,
"Felicia, Victor",ST,25.38,24.7,,,,,,substitute,San Beda University,37,0.0,0.0,0.0,28.37,24.82,3.55,0.0,0.0,14.96,14.18,0.0,0.0,0.0,0.0,0.0,7.09,3.55,0.0,0.0,3.55,3.55,100.0,0.0,0.0,87.5,0.0,0.0,24.0,0.82,8.0,7.0,1.0,87.5,0.0,0.0,0.0,4.22,4.0,0.0,0.0,0.0,0.0,0.0,1.0,1.0,100.0,0.0,0.0,0.0,0.0,0.0,0.0,2.0,1.0,0.0,0.0,0.0,0.0,0.0,0.0,0.0,0.0,28.37,24.82,3.55,0.0,0.0,14.96,14.18,0.0,0.0,0.0,0.0,0.0,7.09,3.55,0.0,0.0,3.55,3.55,100.0,0.0,0.0,87.5,0.0,0.0,25.0,11.3,61.2,15.4,,,,,,,,,,,,,,,,,,,,,,,,,,,,,,,,,,,,,,,,,,1,Match_1,2025-12-05T09:56:12.922367+00:00,[],0,,,,,,,,,,,,,,,,,,,,,,,,,,,,,,,,,,,,,,,,,,,,,,,,,,,,,,,,
"Jardiniano, Jayson",CB,90.78,73.9,,,,,,starter,San Beda University,5,0.0,0.0,0.0,59.48,55.52,3.97,0.0,0.0,-3.17,4.96,0.99,0.99,0.0,0.0,0.0,8.92,2.97,0.0,0.0,4.96,4.96,100.0,0.0,0.0,93.33,0.0,100.0,217.0,7.44,60.0,56.0,4.0,93.33,0.0,0.0,0.0,-3.2,5.0,0.0,0.0,0.0,0.0,0.0,5.0,5.0,100.0,1.0,1.0,100.0,0.0,0.0,0.0,9.0,3.0,0.0,0.0,1.0,0.0,0.0,0.0,0.0,0.0,59.48,55.52,3.97,0.0,0.0,-3.17,4.96,0.99,0.99,0.0,0.0,0.0,8.92,2.97,0.0,0.0,4.96,4.96,100.0,0.0,0.0,93.33,0.0,100.0,,,,,100.0,80.8,17.8,73.7,,,,,,,,,,,,,,,,,,,,,,,,,,,,,,,,,,,,,,1,Match_1,2025-12-05T09:56:12.922367+00:00,[],0,,,,,,,,,,,,,,,,,,,,,,,,,,,,,,,,,,,,,,,,,,,,,,,,,,,,,,,,
"Lampines, Alexis Jeremy",LWB,90.05,74.3,,,,,,starter,San Beda University,6,1.0,0.0,0.0,43.98,36.98,7.0,0.0,0.0,3.66,19.99,1.0,1.0,1.0,1.0,99.94,9.0,0.0,0.0,0.0,9.0,8.0,88.89,0.0,0.0,84.09,0.0,100.0,177.0,6.07,44.0,37.0,7.0,84.09,0.0,0.0,0.0,3.66,20.0,1.0,0.0,0.0,0.0,0.0,9.0,8.0,88.89,1.0,1.0,100.0,1.0,1.0,100.0,9.0,0.0,0.0,0.0,1.0,0.0,0.0,1.0,0.0,0.0,43.98,36.98,7.0,0.0,0.0,3.66,19.99,1.0,1.0,1.0,1.0,99.94,9.0,0.0,0.0,0.0,9.0,8.0,88.89,0.0,0.0,84.09,0.0,100.0,,,,,91.5,90.5,20.3,73.8,,,,,,,,,,,,,,,,,,,,,,,,,,,,,,,,,,,,,,1,Match_1,2025-12-05T09:56:12.922367+00:00,[],0,,,,,,,,,,,,,,,,,,,,,,,,,,,,,,,,,,,,,,,,,,,,,,,,,,,,,,,,
"Mapula, Paul Joshua G.",ST,90.72,18.8,,,,,,starter,San Beda University,20,0.0,0.0,0.0,12.9,6.94,5.95,0.0,0.0,-4.2,0.99,0.0,0.0,0.0,0.0,0.0,2.98,0.0,0.0,0.0,4.96,2.98,60.0,0.0,0.0,53.85,0.0,0.0,59.0,2.02,13.0,7.0,6.0,53.85,0.0,0.0,0.0,-4.23,1.0,0.0,0.0,0.0,0.0,0.0,5.0,3.0,60.0,0.0,0.0,0.0,0.0,0.0,0.0,3.0,0.0,0.0,0.0,1.0,0.0,0.0,0.0,0.0,0.0,12.9,6.94,5.95,0.0,0.0,-4.2,0.99,0.0,0.0,0.0,0.0,0.0,2.98,0.0,0.0,0.0,4.96,2.98,60.0,0.0,0.0,53.85,0.0,0.0,25.0,0.8,37.7,28.5,,,,,,,,,,,,,,,,,,,,,,,,,,,,,,,,,,,,,,,,,,1,Match_1,2025-12-05T09:56:12.922367+00:00,[],0,,,,,,,,,,,,,,,,,,,,,,,,,,,,,,,,,,,,,,,,,,,,,,,,,,,,,,,,
"Mapula, Paul Vincent G.",CB,88.82,48.0,,,,,,starter,San Beda University,24,0.0,0.0,0.0,45.6,38.51,7.09,0.0,0.0,-2.49,12.16,2.03,1.01,1.01,1.01,101.33,2.03,0.0,0.0,1.01,4.05,2.03,50.0,0.0,0.0,84.44,0.0,50.0,206.0,7.07,45.0,38.0,7.0,84.44,0.0,0.0,0.0,-2.46,12.0,0.0,0.0,0.0,0.0,0.0,4.0,2.0,50.0,2.0,1.0,50.0,1.0,1.0,100.0,2.0,0.0,0.0,1.0,0.0,0.0,0.0,0.0,0.0,0.0,45.6,38.51,7.09,0.0,0.0,-2.49,12.16,2.03,1.01,1.01,1.01,101.33,2.03,0.0,0.0,1.01,4.05,2.03,50.0,0.0,0.0,84.44,0.0,50.0,,,,,32.1,90.7,15.8,42.4,,,,,,,,,,,,,,,,,,,,,,,,,,,,,,,,,,,,,,1,Match_1,2025-12-05T09:56:12.922367+00:00,[],0,,,,,,,,,,,,,,,,,,,,,,,,,,,,,,,,,,,,,,,,,,,,,,,,,,,,,,,,
"Marquez, John Ariel",ST,87.12,20.7,,,,,,starter,San Beda University,27,2.07,0.0,0.0,12.4,11.36,1.03,0.0,0.0,8.11,5.17,0.0,0.0,0.0,0.0,0.0,2.07,0.0,0.0,0.0,4.13,2.07,50.0,0.0,0.0,91.67,0.0,0.0,92.0,3.16,12.0,11.0,1.0,91.67,0.0,0.0,0.0,7.85,5.0,2.0,0.0,0.0,0.0,0.0,4.0,2.0,50.0,0.0,0.0,0.0,0.0,0.0,0.0,2.0,0.0,0.0,0.0,3.0,0.0,0.0,2.07,0.0,0.0,12.4,11.36,1.03,0.0,0.0,8.11,5.17,0.0,0.0,0.0,0.0,0.0,2.07,0.0,0.0,0.0,4.13,2.07,50.0,0.0,0.0,91.67,0.0,0.0,24.1,4.1,64.1,0.0,,,,,,,,,,,,,,,,,,,,,,,,,,,,,,,,,,,,,,,,,,1,Match_1,2025-12-05T09:56:12.922367+00:00,[],0,,,,,,,,,,,,,,,,,,,,,,,,,,,,,,,,,,,,,,,,,,,,,,,,,,,,,,,,
"Pedimonte, Viron",RWB,88.65,49.7,,,,,,starter,San Beda University,23,0.0,0.0,0.0,15.23,12.18,3.05,0.0,0.0,2.3,6.09,1.02,1.02,0.0,0.0,0.0,1.02,1.02,0.0,0.0,12.18,10.15,83.33,0.0,0.0,80.0,0.0,100.0,95.0,3.26,15.0,12.0,3.0,80.0,0.0,0.0,0.0,2.27,6.0,0.0,0.0,0.0,0.0,0.0,12.0,10.0,83.33,1.0,1.0,100.0,0.0,0.0,0.0,1.0,1.0,0.0,0.0,0.0,0.0,0.0,0.0,0.0,0.0,15.23,12.18,3.05,0.0,0.0,2.3,6.09,1.02,1.02,0.0,0.0,0.0,1.02,1.02,0.0,0.0,12.18,10.15,83.33,0.0,0.0,80.0,0.0,100.0,,,,,20.4,78.4,39.6,73.8,,,,,,,,,,,,,,,,,,,,,,,,,,,,,,,,,,,,,,1,Match_1,2025-12-05T09:56:12.922367+00:00,[],0,,,,,,,,,,,,,,,,,,,,,,,,,,,,,,,,,,,,,,,,,,,,,,,,,,,,,,,,
"Pellejo, Marc",GK,88.47,33.9,,,,,,starter,San Beda University,4,0.0,0.0,0.0,25.43,23.4,2.03,0.0,0.0,-2.33,5.09,0.0,0.0,0.0,0.0,0.0,6.1,1.02,0.0,1.02,1.02,1.02,100.0,0.0,0.0,92.0,0.0,0.0,207.0,7.1,25.0,23.0,2.0,92.0,0.0,0.0,0.0,-2.29,5.0,0.0,0.0,0.0,0.0,0.0,1.0,1.0,100.0,0.0,0.0,0.0,0.0,0.0,0.0,6.0,1.0,0.0,1.0,0.0,0.0,0.0,0.0,0.0,0.0,25.43,23.4,2.03,0.0,0.0,-2.33,5.09,0.0,0.0,0.0,0.0,0.0,6.1,1.02,0.0,1.02,1.02,1.02,100.0,0.0,0.0,92.0,0.0,0.0,,,,,,,,,0.0,75.6,0.0,100.0,100.0,0.0,2.03,2.03,2.03,2.03,0.0,0.0,2.03,2.03,0.0,0.0,2.0,2.0,0.0,2.0,0.0,2.0,2.0,0.0,2.03,2.03,2.03,2.03,0.0,0.0,2.03,2.03,0.0,,,,,1,Match_1,2025-12-05T09:56:12.922367+00:00,[],0,,,,,,,,,,,,,,,,,,,,,,,,,,,,,,,,,,,,,,,,,,,,,,,,,,,,,,,,
"Pusing, Djohn Kenji",ST,23.0,29.0,,,,,,substitute,San Beda University,29,3.91,0.0,0.0,19.57,15.65,3.91,0.0,0.0,52.24,7.83,0.0,0.0,0.0,0.0,0.0,3.91,0.0,0.0,0.0,3.91,3.91,100.0,0.0,0.0,80.0,0.0,0.0,78.0,2.68,5.0,4.0,1.0,80.0,0.0,0.0,0.0,13.35,2.0,1.0,0.0,0.0,0.0,0.0,1.0,1.0,100.0,0.0,0.0,0.0,0.0,0.0,0.0,1.0,0.0,0.0,0.0,1.0,0.0,0.0,3.91,0.0,0.0,19.57,15.65,3.91,0.0,0.0,52.24,7.83,0.0,0.0,0.0,0.0,0.0,3.91,0.0,0.0,0.0,3.91,3.91,100.0,0.0,0.0,80.0,0.0,0.0,35.0,6.3,56.0,44.4,,,,,,,,,,,,,,,,,,,,,,,,,,,,,,,,,,,,,,,,,,1,Match_1,2025-12-05T09:56:12.922367+00:00,[],0,,,,,,,,,,,,,,,,,,,,,,,,,,,,,,,,,,,,,,,,,,,,,,,,,,,,,,,,
"See, Kirk Eman",ST,88.28,27.1,,,,,,starter,San Beda University,13,4.08,0.0,0.0,17.33,13.25,4.08,0.0,0.0,0.51,3.06,1.02,1.02,1.02,1.02,101.94,2.04,0.0,0.0,0.0,6.12,6.12,100.0,0.0,0.0,76.47,0.0,100.0,61.0,2.09,17.0,13.0,4.0,76.47,0.0,0.0,0.0,0.5,3.0,4.0,0.0,0.0,0.0,0.0,6.0,6.0,100.0,1.0,1.0,100.0,1.0,1.0,100.0,2.0,0.0,0.0,0.0,0.0,0.0,0.0,4.08,0.0,0.0,17.33,13.25,4.08,0.0,0.0,0.51,3.06,1.02,1.02,1.02,1.02,101.94,2.04,0.0,0.0,0.0,6.12,6.12,100.0,0.0,0.0,76.47,0.0,100.0,35.0,2.4,63.7,26.8,,,,,,,,,,,,,,,,,,,,,,,,,,,,,,,,,,,,,,,,,,1,Match_1,2025-12-05T09:56:12.922367+00:00,[],0,,,,,,,,,,,,,,,,,,,,,,,,,,,,,,,,,,,,,,,,,,,,,,,,,,,,,,,,
"Soberano, Shaun",CAM,20.15,59.8,100.0,70.0,30.0,0.0,62.5,substitute,San Beda University,30,4.47,4.47,4.47,26.8,26.8,0.0,0.0,0.0,26.26,8.93,0.0,0.0,0.0,0.0,0.0,8.93,0.0,0.0,0.0,13.4,13.4,100.0,100.0,100.0,100.0,0.0,0.0,31.0,1.06,6.0,6.0,0.0,100.0,0.0,0.0,0.0,5.88,2.0,1.0,1.0,1.0,100.0,100.0,3.0,3.0,100.0,0.0,0.0,0.0,0.0,0.0,0.0,2.0,0.0,0.0,0.0,0.0,0.0,0.0,4.47,4.47,4.47,26.8,26.8,0.0,0.0,0.0,26.26,8.93,0.0,0.0,0.0,0.0,0.0,8.93,0.0,0.0,0.0,13.4,13.4,100.0,100.0,100.0,100.0,0.0,0.0,,,,,,,,,,,,,,,,,,,,,,,,,,,,,,,,,,,,,,,,,,,,,,1,Match_1,2025-12-05T09:56:12.922367+00:00,[],0,,,,,,,,,,,,,,,,,,,,,,,,,,,,,,,,,,,,,,,,,,,,,,,,,,,,,,,,
"Tanamor, Jacob",CB,88.92,69.2,,,,,,starter,San Beda University,19,0.0,0.0,0.0,33.4,30.37,3.04,0.0,0.0,1.41,7.09,6.07,6.07,1.01,0.0,0.0,4.05,4.05,0.0,0.0,5.06,5.06,100.0,0.0,0.0,90.91,0.0,100.0,149.0,5.11,33.0,30.0,3.0,90.91,0.0,0.0,0.0,1.39,7.0,0.0,0.0,0.0,0.0,0.0,5.0,5.0,100.0,6.0,6.0,100.0,1.0,0.0,0.0,4.0,4.0,0.0,0.0,0.0,0.0,0.0,0.0,0.0,0.0,33.4,30.37,3.04,0.0,0.0,1.41,7.09,6.07,6.07,1.01,0.0,0.0,4.05,4.05,0.0,0.0,5.06,5.06,100.0,0.0,0.0,90.91,0.0,100.0,,,,,67.9,90.0,22.6,92.8,,,,,,,,,,,,,,,,,,,,,,,,,,,,,,,,,,,,,,1,Match_1,2025-12-05T09:56:12.922367+00:00,[],0,,,,,,,,,,,,,,,,,,,,,,,,,,,,,,,,,,,,,,,,,,,,,,,,,,,,,,,,
"Tassi, Caleb",ST,22.82,27.0,,,,,,substitute,San Beda University,36,11.83,0.0,0.0,19.72,15.78,3.94,0.0,0.0,4.34,0.0,0.0,0.0,0.0,0.0,0.0,0.0,0.0,0.0,0.0,27.61,27.61,100.0,0.0,0.0,80.0,0.0,0.0,88.0,3.02,5.0,4.0,1.0,80.0,0.0,0.0,0.0,1.1,0.0,3.0,0.0,0.0,0.0,0.0,7.0,7.0,100.0,0.0,0.0,0.0,0.0,0.0,0.0,0.0,0.0,0.0,0.0,0.0,0.0,0.0,11.83,0.0,0.0,19.72,15.78,3.94,0.0,0.0,4.34,0.0,0.0,0.0,0.0,0.0,0.0,0.0,0.0,0.0,0.0,27.61,27.61,100.0,0.0,0.0,80.0,0.0,0.0,35.0,0.0,56.0,45.9,,,,,,,,,,,,,,,,,,,,,,,,,,,,,,,,,,,,,,,,,,1,Match_1,2025-12-05T09:56:12.922367+00:00,[],0,,,,,,,,,,,,,,,,,,,,,,,,,,,,,,,,,,,,,,,,,,,,,,,,,,,,,,,,
"Payosalan, Kenneth",CDM,0.0,0.0,,,,,,DNP,San Beda University,31,,,,,,,,,,,,,,,,,,,,,,,,,,,,,,,,,,,,,,,,,,,,,,,,,,,,,,,,,,,,,,,,,,,,,,,,,,,,,,,,,,,,,,,,,,,,,,,,,,,,,,,,,,,,,,,,,,,,,,,,,,,,,,,,0.0,0.0,0.0,0.0,1,Match_1,2025-12-05T09:56:12.922367+00:00,[],0,,,,,,,,,,,,,,,,,,,,,,,,,,,,,,,,,,,,,,,,,,,,,,,,,,,,,,,,
"Qobadi, Mehdi",ST,0.0,0.0,,,,,,DNP,San Beda University,35,,,,,,,,,,,,,,,,,,,,,,,,,,,,,,,,,,,,,,,,,,,,,,,,,,,,,,,,,,,,,,,,,,,,,,,,,,,,,,,,,,,,,,,,,,,,,,,,,,,,,,,,,,,,,,,,,,,,,,,,,,,,,,,,0.0,0.0,0.0,0.0,1,Match_1,2025-12-05T09:56:12.922367+00:00,[],0,,,,,,,,,,,,,,,,,,,,,,,,,,,,,,,,,,,,,,,,,,,,,,,,,,,,,,,,
"Nezamikhah, Salar",ST,0.0,0.0,,,,,,DNP,San Beda University,34,,,,,,,,,,,,,,,,,,,,,,,,,,,,,,,,,,,,,,,,,,,,,,,,,,,,,,,,,,,,,,,,,,,,,,,,,,,,,,,,,,,,,,,,,,,,,,,,,,,,,,,,,,,,,,,,,,,,,,,,,,,,,,,,0.0,0.0,0.0,0.0,1,Match_1,2025-12-05T09:56:12.922367+00:00,[],0,,,,,,,,,,,,,,,,,,,,,,,,,,,,,,,,,,,,,,,,,,,,,,,,,,,,,,,,
"Soultany, Artin Khalifeh",RW,0.0,0.0,,,,,,DNP,San Beda University,38,,,,,,,,,,,,,,,,,,,,,,,,,,,,,,,,,,,,,,,,,,,,,,,,,,,,,,,,,,,,,,,,,,,,,,,,,,,,,,,,,,,,,,,,,,,,,,,,,,,,,,,,,,,,,,,,,,,,,,,,,,,,,,,,0.0,0.0,0.0,0.0,1,Match_1,2025-12-05T09:56:12.922367+00:00,[],0,,,,,,,,,,,,,,,,,,,,,,,,,,,,,,,,,,,,,,,,,,,,,,,,,,,,,,,,
"M-mil, Samaniego",CDM,0.0,0.0,,,,,,DNP,San Beda University,39,,,,,,,,,,,,,,,,,,,,,,,,,,,,,,,,,,,,,,,,,,,,,,,,,,,,,,,,,,,,,,,,,,,,,,,,,,,,,,,,,,,,,,,,,,,,,,,,,,,,,,,,,,,,,,,,,,,,,,,,,,,,,,,,0.0,0.0,0.0,0.0,1,Match_1,2025-12-05T09:56:12.922367+00:00,[],0,,,,,,,,,,,,,,,,,,,,,,,,,,,,,,,,,,,,,,,,,,,,,,,,,,,,,,,,
Unnamed,,0.0,0.0,,,,,,DNP,Kaya FC - Iloilo,12,,,,,,,,,,,,,,,,,,,,,,,,,,,,,,,,,,,,,,,,,,,,,,,,,,,,,,,,,,,,,,,,,,,,,,,,,,,,,,,,,,,,,,,,,,,,,,,,,,,,,,,,,,,,,,,,,,,,,,,,,,,,,,,,0.0,0.0,0.0,0.0,1,Match_1,2025-12-05T09:56:12.922367+00:00,[],0,,,,,,,,,,,,,,,,,,,,,,,,,,,,,,,,,,,,,,,,,,,,,,,,,,,,,,,,
"Aningalan, Jul",CB,97.1,75.4,,,,,,starter,San Beda University,2,0.0,0.0,0.0,25.95,22.25,3.71,0.0,0.0,5.32,7.42,4.63,4.63,2.78,2.78,92.69,10.2,1.85,0.0,0.0,7.42,5.56,75.0,0.0,0.0,85.71,0.0,100.0,131.0,4.74,28.0,24.0,4.0,85.71,0.0,0.0,0.0,5.74,8.0,0.0,0.0,0.0,0.0,0.0,8.0,6.0,75.0,5.0,5.0,100.0,3.0,3.0,100.0,11.0,2.0,0.0,0.0,2.0,0.0,0.0,0.0,0.0,0.0,25.95,22.25,3.71,0.0,0.0,5.32,7.42,4.63,4.63,2.78,2.78,92.69,10.2,1.85,0.0,0.0,7.42,5.56,75.0,0.0,0.0,85.71,0.0,100.0,,,,,87.5,88.5,25.6,87.4,,,,,,,,,,,,,,,,,,,,,,,,,,,,,,,,,,,,,,2,Match_2,2025-12-05T10:06:13.665247+00:00,[],0,,,,,,,,,,,,,,,,,,,,,,,,,,,,,,,,,,,,,,,,,,,,,,,,,,,,,,,,
"Bacaycay, Kurt",RWB,10.9,22.5,,,,,,substitute,San Beda University,71,,,,,,,,,,,,,,,,,,,,,,,,,,,,12.0,0.43,2.0,1.0,1.0,50.0,0.0,0.0,0.0,-11.38,0.0,0.0,0.0,0.0,0.0,0.0,0.0,0.0,0.0,0.0,0.0,0.0,0.0,0.0,0.0,0.0,0.0,0.0,0.0,0.0,0.0,0.0,,,,,,,,,,,,,,,,,,,,,,,,,,,,,,,,30.0,0.0,30.0,40.0,,,,,,,,,,,,,,,,,,,,,,,,,,,,,,,,,,,,,,2,Match_2,2025-12-05T10:06:13.665247+00:00,[],0,0.0,0.0,0.0,0.0,0.0,2.0,1.0,1.0,50.0,0.0,0.0,0.0,-11.38,0.0,0.0,0.0,0.0,0.0,0.0,0.0,0.0,0.0,0.0,0.0,0.0,0.0,0.0,Raw stats shown - only 10.9 minutes played (minimum 20 minutes required for per-90 calculations),0.0,0.0,0.0,0.0,0.0,2.0,1.0,1.0,50.0,0.0,0.0,0.0,-11.38,0.0,0.0,0.0,0.0,0.0,0.0,0.0,0.0,0.0,0.0,0.0,0.0,0.0,0.0,Raw stats shown - only 10.9 minutes played (minimum 20 minutes required for per-90 calculations)
"Bacnis, Louie",CDM,94.57,66.2,96.9,91.2,49.0,0.0,45.7,starter,San Beda University,34,0.0,0.0,0.0,15.23,14.28,0.95,0.0,0.0,-0.34,6.66,7.61,5.71,0.95,0.95,95.17,10.47,2.86,0.0,0.95,2.86,1.9,66.67,0.0,0.0,93.75,0.0,75.0,36.0,1.3,16.0,15.0,1.0,93.75,0.0,0.0,0.0,-0.36,7.0,0.0,0.0,0.0,0.0,0.0,3.0,2.0,66.67,8.0,6.0,75.0,1.0,1.0,100.0,11.0,3.0,0.0,1.0,1.0,0.0,0.0,0.0,0.0,0.0,15.23,14.28,0.95,0.0,0.0,-0.34,6.66,7.61,5.71,0.95,0.95,95.17,10.47,2.86,0.0,0.95,2.86,1.9,66.67,0.0,0.0,93.75,0.0,75.0,,,,,,,,,,,,,,,,,,,,,,,,,,,,,,,,,,,,,,,,,,,,,,2,Match_2,2025-12-05T10:06:13.665247+00:00,[],0,,,,,,,,,,,,,,,,,,,,,,,,,,,,,,,,,,,,,,,,,,,,,,,,,,,,,,,,
"Bayubay, Cesar Ien",FWB,78.42,53.4,92.5,54.4,25.8,0.0,68.9,substitute,San Beda University,14,0.0,0.0,0.0,27.55,24.1,3.44,0.0,0.0,-12.81,1.15,6.89,4.59,0.0,0.0,0.0,3.44,2.3,0.0,0.0,5.74,4.59,80.0,0.0,0.0,87.5,0.0,66.67,129.0,4.67,24.0,21.0,3.0,87.5,0.0,0.0,0.0,-11.16,1.0,0.0,0.0,0.0,0.0,0.0,5.0,4.0,80.0,6.0,4.0,66.67,0.0,0.0,0.0,3.0,2.0,0.0,0.0,0.0,0.0,0.0,0.0,0.0,0.0,27.55,24.1,3.44,0.0,0.0,-12.81,1.15,6.89,4.59,0.0,0.0,0.0,3.44,2.3,0.0,0.0,5.74,4.59,80.0,0.0,0.0,87.5,0.0,66.67,,,,,,,,,,,,,,,,,,,,,,,,,,,,,,,,,,,,,,,,,,,,,,2,Match_2,2025-12-05T10:06:13.665247+00:00,[],0,,,,,,,,,,,,,,,,,,,,,,,,,,,,,,,,,,,,,,,,,,,,,,,,,,,,,,,,
"Encaya, Pius",ST,96.55,17.1,,,,,,starter,San Beda University,17,0.93,0.0,0.0,10.25,8.39,1.86,0.0,0.0,-3.13,1.86,1.86,0.93,0.0,0.0,0.0,0.93,0.0,0.0,0.0,7.46,5.59,75.0,0.0,0.0,81.82,0.0,50.0,54.0,1.95,11.0,9.0,2.0,81.82,0.0,0.0,0.0,-3.36,2.0,1.0,0.0,0.0,0.0,0.0,8.0,6.0,75.0,2.0,1.0,50.0,0.0,0.0,0.0,1.0,0.0,0.0,0.0,1.0,0.0,0.0,0.93,0.0,0.0,10.25,8.39,1.86,0.0,0.0,-3.13,1.86,1.86,0.93,0.0,0.0,0.0,0.93,0.0,0.0,0.0,7.46,5.59,75.0,0.0,0.0,81.82,0.0,50.0,10.8,1.5,66.6,22.7,,,,,,,,,,,,,,,,,,,,,,,,,,,,,,,,,,,,,,,,,,2,Match_2,2025-12-05T10:06:13.665247+00:00,[],0,,,,,,,,,,,,,,,,,,,,,,,,,,,,,,,,,,,,,,,,,,,,,,,,,,,,,,,,
"Escodo, Bel",CDM,95.02,38.2,65.0,40.9,30.0,0.0,24.6,starter,San Beda University,13,0.0,0.0,0.0,9.47,5.68,3.79,0.0,0.0,2.44,1.89,2.84,1.89,0.0,0.0,0.0,6.63,0.0,0.0,0.0,1.89,1.89,100.0,0.0,0.0,60.0,0.0,66.67,24.0,0.87,10.0,6.0,4.0,60.0,0.0,0.0,0.0,2.58,2.0,0.0,0.0,0.0,0.0,0.0,2.0,2.0,100.0,3.0,2.0,66.67,0.0,0.0,0.0,7.0,0.0,0.0,0.0,0.0,0.0,0.0,0.0,0.0,0.0,9.47,5.68,3.79,0.0,0.0,2.44,1.89,2.84,1.89,0.0,0.0,0.0,6.63,0.0,0.0,0.0,1.89,1.89,100.0,0.0,0.0,60.0,0.0,66.67,,,,,,,,,,,,,,,,,,,,,,,,,,,,,,,,,,,,,,,,,,,,,,2,Match_2,2025-12-05T10:06:13.665247+00:00,[],0,,,,,,,,,,,,,,,,,,,,,,,,,,,,,,,,,,,,,,,,,,,,,,,,,,,,,,,,
"Fernandez, Laurence",RW,94.97,15.0,,,,,,starter,San Beda University,38,0.95,0.0,0.0,11.37,5.69,5.69,0.0,0.0,3.61,3.79,0.95,0.95,0.0,0.0,0.0,0.95,0.0,0.0,0.0,6.63,5.69,85.71,0.0,0.0,50.0,0.0,100.0,69.0,2.5,12.0,6.0,6.0,50.0,0.0,0.0,0.0,3.81,4.0,1.0,0.0,0.0,0.0,0.0,7.0,6.0,85.71,1.0,1.0,100.0,0.0,0.0,0.0,1.0,0.0,0.0,0.0,0.0,0.0,0.0,0.95,0.0,0.0,11.37,5.69,5.69,0.0,0.0,3.61,3.79,0.95,0.95,0.0,0.0,0.0,0.95,0.0,0.0,0.0,6.63,5.69,85.71,0.0,0.0,50.0,0.0,100.0,11.1,3.0,44.5,23.2,,,,,,,,,,,,,,,,,,,,,,,,,,,,,,,,,,,,,,,,,,2,Match_2,2025-12-05T10:06:13.665247+00:00,[],0,,,,,,,,,,,,,,,,,,,,,,,,,,,,,,,,,,,,,,,,,,,,,,,,,,,,,,,,
"Libarnes, Jaro",CB,97.35,80.4,,,,,,starter,San Beda University,28,0.92,0.0,0.0,36.98,32.36,4.62,0.92,0.0,3.5,11.09,7.4,7.4,0.0,0.0,0.0,10.17,8.32,0.92,0.92,2.77,0.92,33.33,0.0,0.0,87.5,2.5,100.0,165.0,5.97,40.0,35.0,5.0,87.5,1.0,2.5,0.0,3.79,12.0,1.0,0.0,0.0,0.0,0.0,3.0,1.0,33.33,8.0,8.0,100.0,0.0,0.0,0.0,11.0,9.0,1.0,1.0,1.0,0.0,0.0,0.92,0.0,0.0,36.98,32.36,4.62,0.92,0.0,3.5,11.09,7.4,7.4,0.0,0.0,0.0,10.17,8.32,0.92,0.92,2.77,0.92,33.33,0.0,0.0,87.5,2.5,100.0,,,,,92.5,92.5,28.1,97.8,,,,,,,,,,,,,,,,,,,,,,,,,,,,,,,,,,,,,,2,Match_2,2025-12-05T10:06:13.665247+00:00,[],0,,,,,,,,,,,,,,,,,,,,,,,,,,,,,,,,,,,,,,,,,,,,,,,,,,,,,,,,
"Pineda, Jaryl",LW,94.68,22.9,,,,,,starter,San Beda University,57,0.0,0.0,0.0,23.76,19.96,3.8,0.95,0.0,-6.87,2.85,0.0,0.0,0.0,0.0,0.0,1.9,0.95,0.0,0.95,11.41,9.51,83.33,0.0,0.0,84.0,4.0,0.0,127.0,4.59,25.0,21.0,4.0,84.0,1.0,4.0,0.0,-7.23,3.0,0.0,0.0,0.0,0.0,0.0,12.0,10.0,83.33,0.0,0.0,0.0,0.0,0.0,0.0,2.0,1.0,0.0,1.0,0.0,0.0,0.0,0.0,0.0,0.0,23.76,19.96,3.8,0.95,0.0,-6.87,2.85,0.0,0.0,0.0,0.0,0.0,1.9,0.95,0.0,0.95,11.41,9.51,83.33,0.0,0.0,84.0,4.0,0.0,25.0,5.3,58.8,22.4,,,,,,,,,,,,,,,,,,,,,,,,,,,,,,,,,,,,,,,,,,2,Match_2,2025-12-05T10:06:13.665247+00:00,[],0,,,,,,,,,,,,,,,,,,,,,,,,,,,,,,,,,,,,,,,,,,,,,,,,,,,,,,,,
"Rogero, Stock",RWB,30.27,52.7,,,,,,substitute,San Beda University,14,0.0,0.0,0.0,5.95,5.95,0.0,0.0,0.0,5.2,0.0,0.0,0.0,0.0,0.0,0.0,2.97,0.0,0.0,0.0,0.0,0.0,0.0,0.0,0.0,100.0,0.0,0.0,3.0,0.11,2.0,2.0,0.0,100.0,0.0,0.0,0.0,1.75,0.0,0.0,0.0,0.0,0.0,0.0,0.0,0.0,0.0,0.0,0.0,0.0,0.0,0.0,0.0,1.0,0.0,0.0,0.0,0.0,0.0,0.0,0.0,0.0,0.0,5.95,5.95,0.0,0.0,0.0,5.2,0.0,0.0,0.0,0.0,0.0,0.0,2.97,0.0,0.0,0.0,0.0,0.0,0.0,0.0,0.0,100.0,0.0,0.0,,,,,59.4,60.0,39.5,40.0,,,,,,,,,,,,,,,,,,,,,,,,,,,,,,,,,,,,,,2,Match_2,2025-12-05T10:06:13.665247+00:00,[],0,,,,,,,,,,,,,,,,,,,,,,,,,,,,,,,,,,,,,,,,,,,,,,,,,,,,,,,,
"Salingay, Sam",ST,95.32,27.0,,,,,,starter,San Beda University,18,0.0,0.0,0.0,14.16,13.22,0.94,0.94,0.0,0.8,3.78,2.83,2.83,0.0,0.0,0.0,0.0,0.0,0.0,0.0,6.61,5.67,85.71,0.0,0.0,93.33,6.67,100.0,75.0,2.71,15.0,14.0,1.0,93.33,1.0,6.67,0.0,0.85,4.0,0.0,0.0,0.0,0.0,0.0,7.0,6.0,85.71,3.0,3.0,100.0,0.0,0.0,0.0,0.0,0.0,0.0,0.0,3.0,0.0,0.0,0.0,0.0,0.0,14.16,13.22,0.94,0.94,0.0,0.8,3.78,2.83,2.83,0.0,0.0,0.0,0.0,0.0,0.0,0.0,6.61,5.67,85.71,0.0,0.0,93.33,6.67,100.0,25.0,6.0,93.7,8.3,,,,,,,,,,,,,,,,,,,,,,,,,,,,,,,,,,,,,,,,,,2,Match_2,2025-12-05T10:06:13.665247+00:00,[],0,,,,,,,,,,,,,,,,,,,,,,,,,,,,,,,,,,,,,,,,,,,,,,,,,,,,,,,,
"Sison, JelJel",CB,96.97,51.2,,,,,,starter,San Beda University,31,0.0,0.0,0.0,12.07,11.14,0.93,0.0,0.0,4.0,3.71,2.78,2.78,0.0,0.0,0.0,0.93,0.0,0.0,0.0,3.71,1.86,50.0,0.0,0.0,92.31,0.0,100.0,44.0,1.59,13.0,12.0,1.0,92.31,0.0,0.0,0.0,4.31,4.0,0.0,0.0,0.0,0.0,0.0,4.0,2.0,50.0,3.0,3.0,100.0,0.0,0.0,0.0,1.0,0.0,0.0,0.0,0.0,0.0,0.0,0.0,0.0,0.0,12.07,11.14,0.93,0.0,0.0,4.0,3.71,2.78,2.78,0.0,0.0,0.0,0.93,0.0,0.0,0.0,3.71,1.86,50.0,0.0,0.0,92.31,0.0,100.0,,,,,18.6,73.9,52.1,80.4,,,,,,,,,,,,,,,,,,,,,,,,,,,,,,,,,,,,,,2,Match_2,2025-12-05T10:06:13.665247+00:00,[],0,,,,,,,,,,,,,,,,,,,,,,,,,,,,,,,,,,,,,,,,,,,,,,,,,,,,,,,,
"Soberano, Joselito",LWB,30.27,22.5,,,,,,substitute,San Beda University,10,0.0,0.0,0.0,0.0,0.0,0.0,0.0,0.0,0.0,0.0,0.0,0.0,0.0,0.0,0.0,0.0,0.0,0.0,0.0,0.0,0.0,0.0,0.0,0.0,0.0,0.0,0.0,0.0,0.0,0.0,0.0,0.0,0.0,0.0,0.0,0.0,0.0,0.0,0.0,0.0,0.0,0.0,0.0,0.0,0.0,0.0,0.0,0.0,0.0,0.0,0.0,0.0,0.0,0.0,0.0,0.0,0.0,0.0,0.0,0.0,0.0,0.0,0.0,0.0,0.0,0.0,0.0,0.0,0.0,0.0,0.0,0.0,0.0,0.0,0.0,0.0,0.0,0.0,0.0,0.0,0.0,0.0,0.0,0.0,0.0,0.0,,,,,30.0,0.0,30.0,40.0,,,,,,,,,,,,,,,,,,,,,,,,,,,,,,,,,,,,,,2,Match_2,2025-12-05T10:06:13.665247+00:00,[],0,,,,,,,,,,,,,,,,,,,,,,,,,,,,,,,,,,,,,,,,,,,,,,,,,,,,,,,,
"Tabelin, Kirvy",CAM,95.2,52.4,80.0,70.0,30.0,0.0,49.2,starter,San Beda University,11,1.89,0.95,0.0,22.69,17.02,5.67,0.0,0.0,-5.76,6.62,0.0,0.0,0.0,0.0,0.0,5.67,0.0,0.0,0.0,12.29,10.4,84.62,50.0,0.0,75.0,0.0,0.0,134.0,4.85,24.0,18.0,6.0,75.0,0.0,0.0,0.0,-6.09,7.0,2.0,1.0,0.0,50.0,0.0,13.0,11.0,84.62,0.0,0.0,0.0,0.0,0.0,0.0,6.0,0.0,0.0,0.0,0.0,0.0,0.0,1.89,0.95,0.0,22.69,17.02,5.67,0.0,0.0,-5.76,6.62,0.0,0.0,0.0,0.0,0.0,5.67,0.0,0.0,0.0,12.29,10.4,84.62,50.0,0.0,75.0,0.0,0.0,,,,,,,,,,,,,,,,,,,,,,,,,,,,,,,,,,,,,,,,,,,,,,2,Match_2,2025-12-05T10:06:13.665247+00:00,[],0,,,,,,,,,,,,,,,,,,,,,,,,,,,,,,,,,,,,,,,,,,,,,,,,,,,,,,,,
"Tagara, Pedro",GK,96.72,36.7,,,,,,starter,San Beda University,15,0.0,0.0,0.0,20.47,16.75,3.72,0.0,0.0,-1.27,7.44,0.93,0.93,0.0,0.0,0.0,5.58,0.93,0.0,2.79,0.0,0.0,0.0,0.0,0.0,81.82,0.0,100.0,413.0,14.94,22.0,18.0,4.0,81.82,0.0,0.0,0.0,-1.36,8.0,0.0,0.0,0.0,0.0,0.0,0.0,0.0,0.0,1.0,1.0,100.0,0.0,0.0,0.0,6.0,1.0,0.0,3.0,0.0,0.0,0.0,0.0,0.0,0.0,20.47,16.75,3.72,0.0,0.0,-1.27,7.44,0.93,0.93,0.0,0.0,0.0,5.58,0.93,0.0,2.79,0.0,0.0,0.0,0.0,0.0,81.82,0.0,100.0,,,,,,,,,0.3,78.9,9.3,100.0,100.0,0.93,1.86,2.79,2.79,1.86,33.33,0.93,1.86,2.79,0.33,0.0,2.0,3.0,1.0,2.0,33.33,3.0,2.0,0.93,1.86,2.79,2.79,1.86,33.33,0.93,1.86,2.79,0.33,,,,,2,Match_2,2025-12-05T10:06:13.665247+00:00,[],0,,,,,,,,,,,,,,,,,,,,,,,,,,,,,,,,,,,,,,,,,,,,,,,,,,,,,,,,
"Mellendrez, Prince",RWB,0.0,0.0,,,,,,DNP,San Beda University,12,,,,,,,,,,,,,,,,,,,,,,,,,,,,,,,,,,,,,,,,,,,,,,,,,,,,,,,,,,,,,,,,,,,,,,,,,,,,,,,,,,,,,,,,,,,,,,,,,,,,,,,,,,,,,,,,,,,,,,,,,,,,,,,,0.0,0.0,0.0,0.0,2,Match_2,2025-12-05T10:06:13.665247+00:00,[],0,,,,,,,,,,,,,,,,,,,,,,,,,,,,,,,,,,,,,,,,,,,,,,,,,,,,,,,,
Unnamed,,0.0,0.0,,,,,,DNP,University of the Philippines,15,,,,,,,,,,,,,,,,,,,,,,,,,,,,,,,,,,,,,,,,,,,,,,,,,,,,,,,,,,,,,,,,,,,,,,,,,,,,,,,,,,,,,,,,,,,,,,,,,,,,,,,,,,,,,,,,,,,,,,,,,,,,,,,,0.0,0.0,0.0,0.0,2,Match_2,2025-12-05T10:06:13.665247+00:00,[nan],0,,,,,,,,,,,,,,,,,,,,,,,,,,,,,,,,,,,,,,,,,,,,,,,,,,,,,,,,
"Aningalan, Jul",CB,96.72,41.0,,,,,,starter,San Beda University,2,0.0,0.0,0.0,31.64,30.71,0.93,0.0,0.0,-0.6,5.58,0.0,0.0,0.93,0.93,93.06,0.0,0.93,0.93,0.0,1.86,1.86,100.0,0.0,0.0,97.06,0.0,0.0,221.0,7.45,34.0,33.0,1.0,97.06,0.0,0.0,0.0,-0.65,6.0,0.0,0.0,0.0,0.0,0.0,2.0,2.0,100.0,0.0,0.0,0.0,1.0,1.0,100.0,0.0,1.0,1.0,0.0,3.0,1.0,0.0,0.0,0.0,0.0,31.64,30.71,0.93,0.0,0.0,-0.6,5.58,0.0,0.0,0.93,0.93,93.06,0.0,0.93,0.93,0.0,1.86,1.86,100.0,0.0,0.0,97.06,0.0,0.0,,,,,11.6,86.1,25.3,40.0,,,,,,,,,,,,,,,,,,,,,,,,,,,,,,,,,,,,,,3,Match_3,2025-12-05T10:07:07.186401+00:00,['CB'],0,,,,,,,,,,,,,,,,,,,,,,,,,,,,,,,,,,,,,,,,,,,,,,,,,,,,,,,,
"Barro, Harvy",CDM,95.43,59.6,89.2,61.0,51.3,0.0,73.6,starter,San Beda University,8,0.0,0.0,0.0,35.84,30.18,5.66,0.0,0.0,1.39,10.37,0.94,0.94,3.77,1.89,47.15,0.0,0.0,1.89,0.0,1.89,0.94,50.0,0.0,0.0,84.21,0.0,100.0,138.0,4.65,38.0,32.0,6.0,84.21,0.0,0.0,0.0,1.47,11.0,0.0,0.0,0.0,0.0,0.0,2.0,1.0,50.0,1.0,1.0,100.0,4.0,2.0,50.0,0.0,0.0,2.0,0.0,1.0,0.0,0.0,0.0,0.0,0.0,35.84,30.18,5.66,0.0,0.0,1.39,10.37,0.94,0.94,3.77,1.89,47.15,0.0,0.0,1.89,0.0,1.89,0.94,50.0,0.0,0.0,84.21,0.0,100.0,,,,,,,,,,,,,,,,,,,,,,,,,,,,,,,,,,,,,,,,,,,,,,3,Match_3,2025-12-05T10:07:07.186401+00:00,[],0,,,,,,,,,,,,,,,,,,,,,,,,,,,,,,,,,,,,,,,,,,,,,,,,,,,,,,,,
"Digal, Diegocarl",CB,95.3,44.3,,,,,,starter,San Beda University,9,0.0,0.0,0.0,26.44,25.5,0.94,0.0,0.0,-4.62,3.78,0.0,0.0,0.0,0.0,0.0,0.0,1.89,0.0,0.0,0.94,0.94,100.0,0.0,0.0,96.43,0.0,0.0,108.0,3.64,28.0,27.0,1.0,96.43,0.0,0.0,0.0,-4.89,4.0,0.0,0.0,0.0,0.0,0.0,1.0,1.0,100.0,0.0,0.0,0.0,0.0,0.0,0.0,0.0,2.0,0.0,0.0,0.0,0.0,0.0,0.0,0.0,0.0,26.44,25.5,0.94,0.0,0.0,-4.62,3.78,0.0,0.0,0.0,0.0,0.0,0.0,1.89,0.0,0.0,0.94,0.94,100.0,0.0,0.0,96.43,0.0,0.0,,,,,30.0,76.8,24.0,40.0,,,,,,,,,,,,,,,,,,,,,,,,,,,,,,,,,,,,,,3,Match_3,2025-12-05T10:07:07.186401+00:00,[],0,,,,,,,,,,,,,,,,,,,,,,,,,,,,,,,,,,,,,,,,,,,,,,,,,,,,,,,,
"Encaya, Pius",ST,95.2,19.0,,,,,,starter,San Beda University,17,1.89,0.0,0.0,11.34,8.51,2.84,0.0,0.0,-1.53,1.89,1.89,0.0,0.0,0.0,0.0,0.95,0.0,1.89,0.0,1.89,0.0,0.0,0.0,0.0,75.0,0.0,0.0,116.0,3.91,12.0,9.0,3.0,75.0,0.0,0.0,0.0,-1.62,2.0,2.0,0.0,0.0,0.0,0.0,2.0,0.0,0.0,2.0,0.0,0.0,0.0,0.0,0.0,1.0,0.0,2.0,0.0,6.0,0.0,0.0,1.89,0.0,0.0,11.34,8.51,2.84,0.0,0.0,-1.53,1.89,1.89,0.0,0.0,0.0,0.0,0.95,0.0,1.89,0.0,1.89,0.0,0.0,0.0,0.0,75.0,0.0,0.0,22.0,1.5,52.5,17.4,,,,,,,,,,,,,,,,,,,,,,,,,,,,,,,,,,,,,,,,,,3,Match_3,2025-12-05T10:07:07.186401+00:00,['ST'],0,,,,,,,,,,,,,,,,,,,,,,,,,,,,,,,,,,,,,,,,,,,,,,,,,,,,,,,,
"Escodo, Bel",CAM,94.72,45.8,78.7,71.2,0.0,0.0,43.7,starter,San Beda University,13,0.95,0.0,0.0,18.05,13.3,4.75,0.0,0.0,-4.47,4.75,2.85,0.95,0.0,0.0,0.0,0.0,0.0,0.0,0.0,2.85,2.85,100.0,0.0,0.0,73.68,0.0,33.33,106.0,3.57,19.0,14.0,5.0,73.68,0.0,0.0,0.0,-4.7,5.0,1.0,0.0,0.0,0.0,0.0,3.0,3.0,100.0,3.0,1.0,33.33,0.0,0.0,0.0,0.0,0.0,0.0,0.0,0.0,0.0,0.0,0.95,0.0,0.0,18.05,13.3,4.75,0.0,0.0,-4.47,4.75,2.85,0.95,0.0,0.0,0.0,0.0,0.0,0.0,0.0,2.85,2.85,100.0,0.0,0.0,73.68,0.0,33.33,,,,,,,,,,,,,,,,,,,,,,,,,,,,,,,,,,,,,,,,,,,,,,3,Match_3,2025-12-05T10:07:07.186401+00:00,['CDM'],0,,,,,,,,,,,,,,,,,,,,,,,,,,,,,,,,,,,,,,,,,,,,,,,,,,,,,,,,
"Fernandez, Laurence",LWB,95.15,54.5,,,,,,starter,San Beda University,38,4.73,3.78,1.89,18.92,17.03,1.89,0.0,0.0,0.58,4.73,3.78,2.84,0.0,0.0,0.0,0.0,0.0,3.78,0.0,1.89,0.0,0.0,80.0,40.0,90.0,0.0,75.0,185.0,6.23,20.0,18.0,2.0,90.0,0.0,0.0,0.0,0.61,5.0,5.0,4.0,2.0,80.0,40.0,2.0,0.0,0.0,4.0,3.0,75.0,0.0,0.0,0.0,0.0,0.0,4.0,0.0,1.0,0.0,0.0,4.73,3.78,1.89,18.92,17.03,1.89,0.0,0.0,0.58,4.73,3.78,2.84,0.0,0.0,0.0,0.0,0.0,3.78,0.0,1.89,0.0,0.0,80.0,40.0,90.0,0.0,75.0,,,,,37.8,77.7,39.6,66.8,,,,,,,,,,,,,,,,,,,,,,,,,,,,,,,,,,,,,,3,Match_3,2025-12-05T10:07:07.186401+00:00,['RW'],0,,,,,,,,,,,,,,,,,,,,,,,,,,,,,,,,,,,,,,,,,,,,,,,,,,,,,,,,
"Libarnes, Jaro",CB,96.93,45.9,,,,,,starter,San Beda University,28,0.0,0.0,0.0,21.35,13.93,7.43,0.0,0.0,-1.7,5.57,0.93,0.93,0.0,0.0,0.0,0.0,1.86,2.79,0.0,0.93,0.93,100.0,0.0,0.0,65.22,0.0,100.0,60.0,2.02,23.0,15.0,8.0,65.22,0.0,0.0,0.0,-1.83,6.0,0.0,0.0,0.0,0.0,0.0,1.0,1.0,100.0,1.0,1.0,100.0,0.0,0.0,0.0,0.0,2.0,3.0,0.0,1.0,0.0,0.0,0.0,0.0,0.0,21.35,13.93,7.43,0.0,0.0,-1.7,5.57,0.93,0.93,0.0,0.0,0.0,0.0,1.86,2.79,0.0,0.93,0.93,100.0,0.0,0.0,65.22,0.0,100.0,,,,,27.9,67.0,25.2,73.5,,,,,,,,,,,,,,,,,,,,,,,,,,,,,,,,,,,,,,3,Match_3,2025-12-05T10:07:07.186401+00:00,['CB'],0,,,,,,,,,,,,,,,,,,,,,,,,,,,,,,,,,,,,,,,,,,,,,,,,,,,,,,,,
"Omitade, Edvard",RWB,91.42,40.2,,,,,,starter,San Beda University,1,3.94,1.97,1.97,16.74,14.77,1.97,0.0,0.0,7.66,2.95,7.88,2.95,0.0,0.0,0.0,0.0,0.0,1.97,0.0,3.94,2.95,75.0,50.0,50.0,88.24,0.0,37.5,92.0,3.1,17.0,15.0,2.0,88.24,0.0,0.0,0.0,7.78,3.0,4.0,2.0,2.0,50.0,50.0,4.0,3.0,75.0,8.0,3.0,37.5,0.0,0.0,0.0,0.0,0.0,2.0,0.0,1.0,0.0,0.0,3.94,1.97,1.97,16.74,14.77,1.97,0.0,0.0,7.66,2.95,7.88,2.95,0.0,0.0,0.0,0.0,0.0,1.97,0.0,3.94,2.95,75.0,50.0,50.0,88.24,0.0,37.5,,,,,19.7,67.7,23.1,55.8,,,,,,,,,,,,,,,,,,,,,,,,,,,,,,,,,,,,,,3,Match_3,2025-12-05T10:07:07.186401+00:00,[],0,,,,,,,,,,,,,,,,,,,,,,,,,,,,,,,,,,,,,,,,,,,,,,,,,,,,,,,,
"Salingay, Sam",ST,94.72,20.0,,,,,,starter,San Beda University,18,0.0,0.0,0.0,24.71,17.1,7.6,0.0,0.0,-1.42,4.75,2.85,0.95,1.9,1.9,95.02,0.0,0.0,1.9,0.0,0.95,0.95,100.0,0.0,0.0,69.23,0.0,33.33,88.0,2.96,26.0,18.0,8.0,69.23,0.0,0.0,0.0,-1.49,5.0,0.0,0.0,0.0,0.0,0.0,1.0,1.0,100.0,3.0,1.0,33.33,2.0,2.0,100.0,0.0,0.0,2.0,0.0,0.0,0.0,0.0,0.0,0.0,0.0,24.71,17.1,7.6,0.0,0.0,-1.42,4.75,2.85,0.95,1.9,1.9,95.02,0.0,0.0,1.9,0.0,0.95,0.95,100.0,0.0,0.0,69.23,0.0,33.33,25.0,3.8,57.9,0.0,,,,,,,,,,,,,,,,,,,,,,,,,,,,,,,,,,,,,,,,,,3,Match_3,2025-12-05T10:07:07.186401+00:00,['ST'],0,,,,,,,,,,,,,,,,,,,,,,,,,,,,,,,,,,,,,,,,,,,,,,,,,,,,,,,,
"Tabelin, Kirvy",CAM,96.33,67.4,80.0,74.6,11.2,95.3,82.2,starter,San Beda University,11,5.61,0.93,0.0,33.63,25.22,8.41,2.8,2.8,2.74,11.21,1.87,0.93,0.0,0.0,0.0,0.0,0.0,1.87,0.0,3.74,3.74,100.0,16.67,0.0,75.0,8.33,50.0,196.0,6.6,36.0,27.0,9.0,75.0,3.0,8.33,3.0,2.93,12.0,6.0,1.0,0.0,16.67,0.0,4.0,4.0,100.0,2.0,1.0,50.0,0.0,0.0,0.0,0.0,0.0,2.0,0.0,2.0,0.0,0.0,5.61,0.93,0.0,33.63,25.22,8.41,2.8,2.8,2.74,11.21,1.87,0.93,0.0,0.0,0.0,0.0,0.0,1.87,0.0,3.74,3.74,100.0,16.67,0.0,75.0,8.33,50.0,,,,,,,,,,,,,,,,,,,,,,,,,,,,,,,,,,,,,,,,,,,,,,3,Match_3,2025-12-05T10:07:07.186401+00:00,['CAM'],0,,,,,,,,,,,,,,,,,,,,,,,,,,,,,,,,,,,,,,,,,,,,,,,,,,,,,,,,
"Tagara, Pedro",GK,95.35,41.5,,,,,,starter,San Beda University,15,0.0,0.0,0.0,17.93,17.93,0.0,0.0,0.0,-6.42,0.94,0.0,0.0,0.0,0.0,0.0,1.89,0.0,0.94,0.0,0.0,0.0,0.0,0.0,0.0,100.0,0.0,0.0,166.0,5.59,19.0,19.0,0.0,100.0,0.0,0.0,0.0,-6.8,1.0,0.0,0.0,0.0,0.0,0.0,0.0,0.0,0.0,0.0,0.0,0.0,0.0,0.0,0.0,2.0,0.0,1.0,0.0,0.0,0.0,0.0,0.0,0.0,0.0,17.93,17.93,0.0,0.0,0.0,-6.42,0.94,0.0,0.0,0.0,0.0,0.0,1.89,0.0,0.94,0.0,0.0,0.0,0.0,0.0,0.0,100.0,0.0,0.0,,,,,,,,,0.6,63.8,56.6,89.6,100.0,5.66,3.78,9.44,9.44,3.78,60.0,5.66,3.78,9.44,0.6,0.0,4.0,10.0,6.0,4.0,60.0,10.0,4.0,5.66,3.78,9.44,9.44,3.78,60.0,5.66,3.78,9.44,0.6,,,,,3,Match_3,2025-12-05T10:07:07.186401+00:00,['GK'],0,,,,,,,,,,,,,,,,,,,,,,,,,,,,,,,,,,,,,,,,,,,,,,,,,,,,,,,,
Unnamed,,0.0,0.0,,,,,,DNP,2 Worlds FC,4,,,,,,,,,,,,,,,,,,,,,,,,,,,,,,,,,,,,,,,,,,,,,,,,,,,,,,,,,,,,,,,,,,,,,,,,,,,,,,,,,,,,,,,,,,,,,,,,,,,,,,,,,,,,,,,,,,,,,,,,,,,,,,,,0.0,0.0,0.0,0.0,3,Match_3,2025-12-05T10:07:07.186401+00:00,"[nan, nan]",0,,,,,,,,,,,,,,,,,,,,,,,,,,,,,,,,,,,,,,,,,,,,,,,,,,,,,,,,
"Acebedo, James",CAM,28.67,63.7,100.0,80.0,40.0,0.0,56.5,substitute,San Beda University,19,3.14,0.0,0.0,18.84,18.84,0.0,0.0,0.0,19.62,12.56,6.28,6.28,3.14,0.0,0.0,0.0,3.14,0.0,3.14,0.0,0.0,0.0,0.0,0.0,100.0,0.0,100.0,33.0,1.01,6.0,6.0,0.0,100.0,0.0,0.0,0.0,6.25,4.0,1.0,0.0,0.0,0.0,0.0,0.0,0.0,0.0,2.0,2.0,100.0,1.0,0.0,0.0,0.0,1.0,0.0,1.0,2.0,0.0,0.0,3.14,0.0,0.0,18.84,18.84,0.0,0.0,0.0,19.62,12.56,6.28,6.28,3.14,0.0,0.0,0.0,3.14,0.0,3.14,0.0,0.0,0.0,0.0,0.0,100.0,0.0,100.0,,,,,,,,,,,,,,,,,,,,,,,,,,,,,,,,,,,,,,,,,,,,,,4,Match_4,2025-12-05T10:23:32.267278+00:00,[],0,,,,,,,,,,,,,,,,,,,,,,,,,,,,,,,,,,,,,,,,,,,,,,,,,,,,,,,,
"Aningalan, Jul",CB,92.63,74.5,,,,,,starter,San Beda University,2,0.0,0.0,0.0,39.83,33.03,6.8,0.0,0.0,-4.29,11.66,2.91,2.91,0.97,0.97,97.16,6.8,2.91,0.0,0.0,3.89,2.91,75.0,0.0,0.0,82.93,0.0,100.0,291.0,8.89,41.0,34.0,7.0,82.93,0.0,0.0,0.0,-4.42,12.0,0.0,0.0,0.0,0.0,0.0,4.0,3.0,75.0,3.0,3.0,100.0,1.0,1.0,100.0,7.0,3.0,0.0,0.0,0.0,0.0,0.0,0.0,0.0,0.0,39.83,33.03,6.8,0.0,0.0,-4.29,11.66,2.91,2.91,0.97,0.97,97.16,6.8,2.91,0.0,0.0,3.89,2.91,75.0,0.0,0.0,82.93,0.0,100.0,,,,,89.3,89.8,20.9,80.9,,,,,,,,,,,,,,,,,,,,,,,,,,,,,,,,,,,,,,4,Match_4,2025-12-05T10:23:32.267278+00:00,"['CB', 'CB']",0,,,,,,,,,,,,,,,,,,,,,,,,,,,,,,,,,,,,,,,,,,,,,,,,,,,,,,,,
"Bacaycay, Kurt",RWB,15.5,20.0,,,,,,substitute,San Beda University,71,,,,,,,,,,,,,,,,,,,,,,,,,,,,6.0,0.18,2.0,2.0,0.0,100.0,0.0,0.0,0.0,4.88,1.0,0.0,0.0,0.0,0.0,0.0,0.0,0.0,0.0,0.0,0.0,0.0,0.0,0.0,0.0,0.0,0.0,0.0,0.0,2.0,1.0,0.0,,,,,,,,,,,,,,,,,,,,,,,,,,,,,,,,30.0,0.0,0.0,40.0,,,,,,,,,,,,,,,,,,,,,,,,,,,,,,,,,,,,,,4,Match_4,2025-12-05T10:23:32.267278+00:00,['RWB'],0,0.0,0.0,0.0,0.0,0.0,2.0,2.0,0.0,100.0,0.0,0.0,0.0,4.88,1.0,0.0,0.0,0.0,0.0,0.0,0.0,0.0,0.0,0.0,0.0,0.0,0.0,0.0,Raw stats shown - only 15.5 minutes played (minimum 20 minutes required for per-90 calculations),0.0,0.0,0.0,0.0,0.0,2.0,2.0,0.0,100.0,0.0,0.0,0.0,4.88,1.0,0.0,0.0,0.0,0.0,0.0,0.0,0.0,0.0,0.0,0.0,0.0,0.0,0.0,Raw stats shown - only 15.5 minutes played (minimum 20 minutes required for per-90 calculations)
"Bacnis, Hugo",ST,8.9,19.2,,,,,,substitute,San Beda University,37,,,,,,,,,,,,,,,,,,,,,,,,,,,,8.0,0.24,1.0,1.0,0.0,100.0,0.0,0.0,0.0,-10.25,0.0,1.0,1.0,1.0,100.0,100.0,2.0,2.0,100.0,0.0,0.0,0.0,0.0,0.0,0.0,0.0,0.0,0.0,0.0,0.0,0.0,0.0,,,,,,,,,,,,,,,,,,,,,,,,,,,,25.0,0.0,0.0,92.5,,,,,,,,,,,,,,,,,,,,,,,,,,,,,,,,,,,,,,,,,,4,Match_4,2025-12-05T10:23:32.267278+00:00,[],0,1.0,1.0,1.0,100.0,100.0,1.0,1.0,0.0,100.0,0.0,0.0,0.0,-10.25,0.0,0.0,0.0,0.0,0.0,0.0,0.0,0.0,0.0,0.0,0.0,2.0,2.0,100.0,Raw stats shown - only 8.9 minutes played (minimum 20 minutes required for per-90 calculations),1.0,1.0,1.0,100.0,100.0,1.0,1.0,0.0,100.0,0.0,0.0,0.0,-10.25,0.0,0.0,0.0,0.0,0.0,0.0,0.0,0.0,0.0,0.0,0.0,2.0,2.0,100.0,Raw stats shown - only 8.9 minutes played (minimum 20 minutes required for per-90 calculations)
"Bacnis, Louie",CDM,27.65,66.3,100.0,50.0,89.5,0.0,58.6,substitute,San Beda University,34,3.25,0.0,0.0,26.04,26.04,0.0,0.0,0.0,2.54,6.51,0.0,0.0,3.25,3.25,325.5,9.76,0.0,3.25,0.0,0.0,0.0,0.0,0.0,0.0,100.0,0.0,0.0,21.0,0.64,8.0,8.0,0.0,100.0,0.0,0.0,0.0,0.78,2.0,1.0,0.0,0.0,0.0,0.0,0.0,0.0,0.0,0.0,0.0,0.0,1.0,1.0,100.0,3.0,0.0,1.0,0.0,2.0,0.0,0.0,3.25,0.0,0.0,26.04,26.04,0.0,0.0,0.0,2.54,6.51,0.0,0.0,3.25,3.25,325.5,9.76,0.0,3.25,0.0,0.0,0.0,0.0,0.0,0.0,100.0,0.0,0.0,,,,,,,,,,,,,,,,,,,,,,,,,,,,,,,,,,,,,,,,,,,,,,4,Match_4,2025-12-05T10:23:32.267278+00:00,['CDM'],0,,,,,,,,,,,,,,,,,,,,,,,,,,,,,,,,,,,,,,,,,,,,,,,,,,,,,,,,
"Barro, Harvy",CDM,86.67,49.9,84.2,53.6,30.0,0.0,51.9,starter,San Beda University,8,0.0,0.0,0.0,24.92,19.73,5.19,0.0,0.0,-3.71,4.15,1.04,1.04,0.0,0.0,0.0,4.15,0.0,0.0,0.0,2.08,1.04,50.0,0.0,0.0,79.17,0.0,100.0,105.0,3.21,24.0,19.0,5.0,79.17,0.0,0.0,0.0,-3.57,4.0,0.0,0.0,0.0,0.0,0.0,2.0,1.0,50.0,1.0,1.0,100.0,0.0,0.0,0.0,4.0,0.0,0.0,0.0,4.0,1.0,0.0,0.0,0.0,0.0,24.92,19.73,5.19,0.0,0.0,-3.71,4.15,1.04,1.04,0.0,0.0,0.0,4.15,0.0,0.0,0.0,2.08,1.04,50.0,0.0,0.0,79.17,0.0,100.0,,,,,,,,,,,,,,,,,,,,,,,,,,,,,,,,,,,,,,,,,,,,,,4,Match_4,2025-12-05T10:23:32.267278+00:00,['CDM'],0,,,,,,,,,,,,,,,,,,,,,,,,,,,,,,,,,,,,,,,,,,,,,,,,,,,,,,,,
"Bayubay, Cesar Ien",LWB,12.97,20.5,,,,,,substitute,San Beda University,14,,,,,,,,,,,,,,,,,,,,,,,,,,,,33.0,1.01,5.0,2.0,3.0,40.0,0.0,0.0,0.0,14.95,3.0,0.0,0.0,0.0,0.0,0.0,0.0,0.0,0.0,1.0,1.0,100.0,0.0,0.0,0.0,0.0,0.0,0.0,0.0,0.0,0.0,0.0,,,,,,,,,,,,,,,,,,,,,,,,,,,,,,,,30.0,0.0,19.8,40.0,,,,,,,,,,,,,,,,,,,,,,,,,,,,,,,,,,,,,,4,Match_4,2025-12-05T10:23:32.267278+00:00,['FWB'],0,0.0,0.0,0.0,0.0,0.0,5.0,2.0,3.0,40.0,0.0,0.0,0.0,14.95,3.0,1.0,1.0,100.0,0.0,0.0,0.0,0.0,0.0,0.0,0.0,0.0,0.0,0.0,Raw stats shown - only 12.966666666666667 minutes played (minimum 20 minutes required for per-90 calculations),0.0,0.0,0.0,0.0,0.0,5.0,2.0,3.0,40.0,0.0,0.0,0.0,14.95,3.0,1.0,1.0,100.0,0.0,0.0,0.0,0.0,0.0,0.0,0.0,0.0,0.0,0.0,Raw stats shown - only 12.966666666666667 minutes played (minimum 20 minutes required for per-90 calculations)
"Digal, Diegocarl",CB,93.25,53.4,,,,,,starter,San Beda University,9,0.0,0.0,0.0,27.02,23.16,3.86,0.0,0.0,-5.75,5.79,0.97,0.97,0.0,0.0,0.0,1.93,2.9,0.0,0.0,0.97,0.97,100.0,0.0,0.0,85.71,0.0,100.0,104.0,3.18,28.0,24.0,4.0,85.71,0.0,0.0,0.0,-5.96,6.0,0.0,0.0,0.0,0.0,0.0,1.0,1.0,100.0,1.0,1.0,100.0,0.0,0.0,0.0,2.0,3.0,0.0,0.0,0.0,0.0,0.0,0.0,0.0,0.0,27.02,23.16,3.86,0.0,0.0,-5.75,5.79,0.97,0.97,0.0,0.0,0.0,1.93,2.9,0.0,0.0,0.97,0.97,100.0,0.0,0.0,85.71,0.0,100.0,,,,,38.6,80.4,23.4,73.6,,,,,,,,,,,,,,,,,,,,,,,,,,,,,,,,,,,,,,4,Match_4,2025-12-05T10:23:32.267278+00:00,['CB'],0,,,,,,,,,,,,,,,,,,,,,,,,,,,,,,,,,,,,,,,,,,,,,,,,,,,,,,,,
"Dilodilo, Austin",GK,91.93,34.6,,,,,,starter,San Beda University,1,0.0,0.0,0.0,22.52,14.68,7.83,0.0,0.0,12.57,9.79,0.98,0.98,0.0,0.0,0.0,0.0,0.0,0.0,0.0,0.0,0.0,0.0,0.0,0.0,65.22,0.0,100.0,355.0,10.84,23.0,15.0,8.0,65.22,0.0,0.0,0.0,12.84,10.0,0.0,0.0,0.0,0.0,0.0,0.0,0.0,0.0,1.0,1.0,100.0,0.0,0.0,0.0,0.0,0.0,0.0,0.0,0.0,0.0,0.0,0.0,0.0,0.0,22.52,14.68,7.83,0.0,0.0,12.57,9.79,0.98,0.98,0.0,0.0,0.0,0.0,0.0,0.0,0.0,0.0,0.0,0.0,0.0,0.0,65.22,0.0,100.0,,,,,,,,,0.0,78.3,0.0,100.0,100.0,0.0,0.98,0.98,0.98,0.98,0.0,0.0,0.98,0.98,0.0,0.0,1.0,1.0,0.0,1.0,0.0,1.0,1.0,0.0,0.98,0.98,0.98,0.98,0.0,0.0,0.98,0.98,0.0,,,,,4,Match_4,2025-12-05T10:23:32.267278+00:00,[],0,,,,,,,,,,,,,,,,,,,,,,,,,,,,,,,,,,,,,,,,,,,,,,,,,,,,,,,,
"Encaya, Pius",ST,93.22,49.1,,,,,,starter,San Beda University,17,0.97,0.97,0.97,12.55,12.55,0.0,0.0,0.0,7.93,5.79,0.0,0.0,0.0,0.0,0.0,0.0,0.0,0.0,0.0,0.97,0.0,0.0,100.0,100.0,100.0,0.0,0.0,38.0,1.16,13.0,13.0,0.0,100.0,0.0,0.0,0.0,8.21,6.0,1.0,1.0,1.0,100.0,100.0,1.0,0.0,0.0,0.0,0.0,0.0,0.0,0.0,0.0,0.0,0.0,0.0,0.0,1.0,0.0,0.0,0.97,0.97,0.97,12.55,12.55,0.0,0.0,0.0,7.93,5.79,0.0,0.0,0.0,0.0,0.0,0.0,0.0,0.0,0.0,0.97,0.0,0.0,100.0,100.0,100.0,0.0,0.0,76.3,22.1,70.0,3.7,,,,,,,,,,,,,,,,,,,,,,,,,,,,,,,,,,,,,,,,,,4,Match_4,2025-12-05T10:23:32.267278+00:00,"['ST', 'ST']",0,,,,,,,,,,,,,,,,,,,,,,,,,,,,,,,,,,,,,,,,,,,,,,,,,,,,,,,,
"Escodo, Bel",CDM,30.73,54.8,80.0,84.7,22.0,0.0,52.7,substitute,San Beda University,13,0.0,0.0,0.0,23.43,17.57,5.86,0.0,0.0,11.16,8.79,2.93,2.93,0.0,0.0,0.0,2.93,0.0,0.0,0.0,11.71,8.79,75.0,0.0,0.0,75.0,0.0,100.0,40.0,1.22,8.0,6.0,2.0,75.0,0.0,0.0,0.0,3.81,3.0,0.0,0.0,0.0,0.0,0.0,4.0,3.0,75.0,1.0,1.0,100.0,0.0,0.0,0.0,1.0,0.0,0.0,0.0,0.0,0.0,0.0,0.0,0.0,0.0,23.43,17.57,5.86,0.0,0.0,11.16,8.79,2.93,2.93,0.0,0.0,0.0,2.93,0.0,0.0,0.0,11.71,8.79,75.0,0.0,0.0,75.0,0.0,100.0,,,,,,,,,,,,,,,,,,,,,,,,,,,,,,,,,,,,,,,,,,,,,,4,Match_4,2025-12-05T10:23:32.267278+00:00,"['CDM', 'CAM']",1,,,,,,,,,,,,,,,,,,,,,,,,,,,,,,,,,,,,,,,,,,,,,,,,,,,,,,,,
"Fernandez, Laurence",RW,93.5,29.5,,,,,,starter,San Beda University,38,0.0,0.0,0.0,25.03,23.1,1.93,0.0,0.0,-5.35,2.89,5.78,5.78,0.96,0.96,96.26,0.96,2.89,0.0,0.0,0.96,0.96,100.0,0.0,0.0,92.31,0.0,100.0,119.0,3.63,26.0,24.0,2.0,92.31,0.0,0.0,0.0,-5.56,3.0,0.0,0.0,0.0,0.0,0.0,1.0,1.0,100.0,6.0,6.0,100.0,1.0,1.0,100.0,1.0,3.0,0.0,0.0,1.0,0.0,0.0,0.0,0.0,0.0,25.03,23.1,1.93,0.0,0.0,-5.35,2.89,5.78,5.78,0.96,0.96,96.26,0.96,2.89,0.0,0.0,0.96,0.96,100.0,0.0,0.0,92.31,0.0,100.0,25.0,2.3,94.6,45.5,,,,,,,,,,,,,,,,,,,,,,,,,,,,,,,,,,,,,,,,,,4,Match_4,2025-12-05T10:23:32.267278+00:00,"['RW', 'LWB']",1,,,,,,,,,,,,,,,,,,,,,,,,,,,,,,,,,,,,,,,,,,,,,,,,,,,,,,,,
"Libarnes, Jaro",CB,91.4,53.3,,,,,,starter,San Beda University,28,0.0,0.0,0.0,15.75,14.77,0.98,0.0,0.98,2.76,5.91,0.0,0.0,0.98,0.0,0.0,2.95,0.0,0.0,0.0,7.88,5.91,75.0,0.0,0.0,93.75,0.0,0.0,114.0,3.48,16.0,15.0,1.0,93.75,0.0,0.0,1.0,2.8,6.0,0.0,0.0,0.0,0.0,0.0,8.0,6.0,75.0,0.0,0.0,0.0,1.0,0.0,0.0,3.0,0.0,0.0,0.0,0.0,0.0,0.0,0.0,0.0,0.0,15.75,14.77,0.98,0.0,0.98,2.76,5.91,0.0,0.0,0.98,0.0,0.0,2.95,0.0,0.0,0.0,7.88,5.91,75.0,0.0,0.0,93.75,0.0,0.0,,,,,48.0,85.8,24.0,40.0,,,,,,,,,,,,,,,,,,,,,,,,,,,,,,,,,,,,,,4,Match_4,2025-12-05T10:23:32.267278+00:00,"['CB', 'CB']",0,,,,,,,,,,,,,,,,,,,,,,,,,,,,,,,,,,,,,,,,,,,,,,,,,,,,,,,,
"Mellendrez, Prince",RWB,3.63,22.5,,,,,,substitute,San Beda University,12,,,,,,,,,,,,,,,,,,,,,,,,,,,,4.0,0.12,1.0,1.0,0.0,100.0,0.0,0.0,0.0,-8.25,0.0,0.0,0.0,0.0,0.0,0.0,0.0,0.0,0.0,0.0,0.0,0.0,0.0,0.0,0.0,0.0,0.0,0.0,0.0,0.0,0.0,0.0,,,,,,,,,,,,,,,,,,,,,,,,,,,,,,,,30.0,0.0,30.0,40.0,,,,,,,,,,,,,,,,,,,,,,,,,,,,,,,,,,,,,,4,Match_4,2025-12-05T10:23:32.267278+00:00,['RWB'],0,0.0,0.0,0.0,0.0,0.0,1.0,1.0,0.0,100.0,0.0,0.0,0.0,-8.25,0.0,0.0,0.0,0.0,0.0,0.0,0.0,0.0,0.0,0.0,0.0,0.0,0.0,0.0,Raw stats shown - only 3.6333333333333333 minutes played (minimum 20 minutes required for per-90 calculations),0.0,0.0,0.0,0.0,0.0,1.0,1.0,0.0,100.0,0.0,0.0,0.0,-8.25,0.0,0.0,0.0,0.0,0.0,0.0,0.0,0.0,0.0,0.0,0.0,0.0,0.0,0.0,Raw stats shown - only 3.6333333333333333 minutes played (minimum 20 minutes required for per-90 calculations)
"Omitade, Edvard",LW,91.0,26.4,,,,,,starter,San Beda University,11,1.98,0.99,0.0,20.77,14.84,5.93,0.0,0.0,5.24,5.93,0.0,0.0,0.0,0.0,0.0,0.99,0.0,0.0,0.0,11.87,8.9,75.0,50.0,0.0,71.43,0.0,0.0,140.0,4.28,21.0,15.0,6.0,71.43,0.0,0.0,0.0,5.3,6.0,2.0,1.0,0.0,50.0,0.0,12.0,9.0,75.0,0.0,0.0,0.0,0.0,0.0,0.0,1.0,0.0,0.0,0.0,0.0,0.0,0.0,1.98,0.99,0.0,20.77,14.84,5.93,0.0,0.0,5.24,5.93,0.0,0.0,0.0,0.0,0.0,0.99,0.0,0.0,0.0,11.87,8.9,75.0,50.0,0.0,71.43,0.0,0.0,40.6,4.7,50.0,10.2,,,,,,,,,,,,,,,,,,,,,,,,,,,,,,,,,,,,,,,,,,4,Match_4,2025-12-05T10:23:32.267278+00:00,['RWB'],0,,,,,,,,,,,,,,,,,,,,,,,,,,,,,,,,,,,,,,,,,,,,,,,,,,,,,,,,
"Paquite, James",RW,32.97,39.7,,,,,,substitute,San Beda University,99,2.73,2.73,0.0,13.65,8.19,5.46,0.0,0.0,-2.32,2.73,0.0,0.0,0.0,0.0,0.0,0.0,0.0,0.0,0.0,5.46,5.46,100.0,100.0,0.0,60.0,0.0,0.0,31.0,0.95,5.0,3.0,2.0,60.0,0.0,0.0,0.0,-0.85,1.0,1.0,1.0,0.0,100.0,0.0,2.0,2.0,100.0,0.0,0.0,0.0,0.0,0.0,0.0,0.0,0.0,0.0,0.0,0.0,0.0,0.0,2.73,2.73,0.0,13.65,8.19,5.46,0.0,0.0,-2.32,2.73,0.0,0.0,0.0,0.0,0.0,0.0,0.0,0.0,0.0,5.46,5.46,100.0,100.0,0.0,60.0,0.0,0.0,66.8,2.2,42.0,58.8,,,,,,,,,,,,,,,,,,,,,,,,,,,,,,,,,,,,,,,,,,4,Match_4,2025-12-05T10:23:32.267278+00:00,[],0,,,,,,,,,,,,,,,,,,,,,,,,,,,,,,,,,,,,,,,,,,,,,,,,,,,,,,,,
"Pineda, Jaryl",CAM,92.9,60.4,81.5,74.8,49.4,0.0,73.6,starter,San Beda University,57,1.94,0.0,0.0,32.94,25.19,7.75,0.0,0.0,-1.98,10.66,1.94,0.97,0.97,0.97,96.88,4.84,0.0,0.0,0.0,8.72,6.78,77.78,0.0,0.0,76.47,0.0,50.0,188.0,5.74,34.0,26.0,8.0,76.47,0.0,0.0,0.0,-2.04,11.0,2.0,0.0,0.0,0.0,0.0,9.0,7.0,77.78,2.0,1.0,50.0,1.0,1.0,100.0,5.0,0.0,0.0,0.0,1.0,0.0,0.0,1.94,0.0,0.0,32.94,25.19,7.75,0.0,0.0,-1.98,10.66,1.94,0.97,0.97,0.97,96.88,4.84,0.0,0.0,0.0,8.72,6.78,77.78,0.0,0.0,76.47,0.0,50.0,,,,,,,,,,,,,,,,,,,,,,,,,,,,,,,,,,,,,,,,,,,,,,4,Match_4,2025-12-05T10:23:32.267278+00:00,['LW'],0,,,,,,,,,,,,,,,,,,,,,,,,,,,,,,,,,,,,,,,,,,,,,,,,,,,,,,,,
"Salingay, Sam",ST,80.03,22.4,,,,,,starter,San Beda University,18,0.0,0.0,0.0,4.5,4.5,0.0,0.0,0.0,11.74,2.25,0.0,0.0,0.0,0.0,0.0,0.0,0.0,1.12,0.0,1.12,1.12,100.0,0.0,0.0,100.0,0.0,0.0,6.0,0.18,4.0,4.0,0.0,100.0,0.0,0.0,0.0,10.44,2.0,0.0,0.0,0.0,0.0,0.0,1.0,1.0,100.0,0.0,0.0,0.0,0.0,0.0,0.0,0.0,0.0,1.0,0.0,0.0,0.0,0.0,0.0,0.0,0.0,4.5,4.5,0.0,0.0,0.0,11.74,2.25,0.0,0.0,0.0,0.0,0.0,0.0,0.0,1.12,0.0,1.12,1.12,100.0,0.0,0.0,100.0,0.0,0.0,25.0,1.8,70.0,12.5,,,,,,,,,,,,,,,,,,,,,,,,,,,,,,,,,,,,,,,,,,4,Match_4,2025-12-05T10:23:32.267278+00:00,"['ST', 'ST']",0,,,,,,,,,,,,,,,,,,,,,,,,,,,,,,,,,,,,,,,,,,,,,,,,,,,,,,,,
"Tabelin, Kirvy",CAM,92.2,42.4,73.4,59.0,5.9,0.0,44.9,starter,San Beda University,11,3.9,2.93,0.98,18.55,12.69,5.86,0.0,0.0,-3.01,3.9,0.0,0.0,0.0,0.0,0.0,0.0,0.98,0.98,0.0,9.76,7.81,80.0,75.0,25.0,68.42,0.0,0.0,288.0,8.8,19.0,13.0,6.0,68.42,0.0,0.0,0.0,-3.08,4.0,4.0,3.0,1.0,75.0,25.0,10.0,8.0,80.0,0.0,0.0,0.0,0.0,0.0,0.0,0.0,1.0,1.0,0.0,0.0,0.0,0.0,3.9,2.93,0.98,18.55,12.69,5.86,0.0,0.0,-3.01,3.9,0.0,0.0,0.0,0.0,0.0,0.0,0.98,0.98,0.0,9.76,7.81,80.0,75.0,25.0,68.42,0.0,0.0,,,,,,,,,,,,,,,,,,,,,,,,,,,,,,,,,,,,,,,,,,,,,,4,Match_4,2025-12-05T10:23:32.267278+00:00,"['CAM', 'CAM']",0,,,,,,,,,,,,,,,,,,,,,,,,,,,,,,,,,,,,,,,,,,,,,,,,,,,,,,,,
Trillo,ST,35.07,24.1,,,,,,substitute,San Beda University,3,0.0,0.0,0.0,10.27,5.13,5.13,0.0,0.0,4.0,2.57,0.0,0.0,0.0,0.0,0.0,0.0,0.0,0.0,0.0,5.13,5.13,100.0,0.0,0.0,50.0,0.0,0.0,17.0,0.52,4.0,2.0,2.0,50.0,0.0,0.0,0.0,1.56,1.0,0.0,0.0,0.0,0.0,0.0,2.0,2.0,100.0,0.0,0.0,0.0,0.0,0.0,0.0,0.0,0.0,0.0,0.0,1.0,0.0,0.0,0.0,0.0,0.0,10.27,5.13,5.13,0.0,0.0,4.0,2.57,0.0,0.0,0.0,0.0,0.0,0.0,0.0,0.0,0.0,5.13,5.13,100.0,0.0,0.0,50.0,0.0,0.0,25.0,2.1,35.0,81.4,,,,,,,,,,,,,,,,,,,,,,,,,,,,,,,,,,,,,,,,,,4,Match_4,2025-12-05T10:23:32.267278+00:00,[],0,,,,,,,,,,,,,,,,,,,,,,,,,,,,,,,,,,,,,,,,,,,,,,,,,,,,,,,,
Unnamed,,0.0,0.0,,,,,,DNP,Siniloan Blues,12,,,,,,,,,,,,,,,,,,,,,,,,,,,,,,,,,,,,,,,,,,,,,,,,,,,,,,,,,,,,,,,,,,,,,,,,,,,,,,,,,,,,,,,,,,,,,,,,,,,,,,,,,,,,,,,,,,,,,,,,,,,,,,,,0.0,0.0,0.0,0.0,4,Match_4,2025-12-05T10:23:32.267278+00:00,"[nan, nan, nan]",0,,,,,,,,,,,,,,,,,,,,,,,,,,,,,,,,,,,,,,,,,,,,,,,,,,,,,,,,
"Aningalan, Jul",CB,97.1,75.4,,,,,,starter,San Beda University,2,0.0,0.0,0.0,25.95,22.25,3.71,0.0,0.0,5.32,7.42,4.63,4.63,2.78,2.78,92.69,10.2,1.85,0.0,0.0,7.42,5.56,75.0,0.0,0.0,85.71,0.0,100.0,131.0,4.74,28.0,24.0,4.0,85.71,0.0,0.0,0.0,5.74,8.0,0.0,0.0,0.0,0.0,0.0,8.0,6.0,75.0,5.0,5.0,100.0,3.0,3.0,100.0,11.0,2.0,0.0,0.0,2.0,0.0,0.0,0.0,0.0,0.0,25.95,22.25,3.71,0.0,0.0,5.32,7.42,4.63,4.63,2.78,2.78,92.69,10.2,1.85,0.0,0.0,7.42,5.56,75.0,0.0,0.0,85.71,0.0,100.0,,,,,87.5,88.5,25.6,87.4,,,,,,,,,,,,,,,,,,,,,,,,,,,,,,,,,,,,,,5,Match_5,2025-12-05T12:38:19.976406+00:00,"['CB', 'CB', 'CB']",0,,,,,,,,,,,,,,,,,,,,,,,,,,,,,,,,,,,,,,,,,,,,,,,,,,,,,,,,
"Bacaycay, Kurt",RWB,10.9,22.5,,,,,,substitute,San Beda University,71,,,,,,,,,,,,,,,,,,,,,,,,,,,,12.0,0.43,2.0,1.0,1.0,50.0,0.0,0.0,0.0,-11.38,0.0,0.0,0.0,0.0,0.0,0.0,0.0,0.0,0.0,0.0,0.0,0.0,0.0,0.0,0.0,0.0,0.0,0.0,0.0,0.0,0.0,0.0,,,,,,,,,,,,,,,,,,,,,,,,,,,,,,,,30.0,0.0,30.0,40.0,,,,,,,,,,,,,,,,,,,,,,,,,,,,,,,,,,,,,,5,Match_5,2025-12-05T12:38:19.976406+00:00,"['RWB', 'RWB']",0,0.0,0.0,0.0,0.0,0.0,2.0,1.0,1.0,50.0,0.0,0.0,0.0,-11.38,0.0,0.0,0.0,0.0,0.0,0.0,0.0,0.0,0.0,0.0,0.0,0.0,0.0,0.0,Raw stats shown - only 10.9 minutes played (minimum 20 minutes required for per-90 calculations),0.0,0.0,0.0,0.0,0.0,2.0,1.0,1.0,50.0,0.0,0.0,0.0,-11.38,0.0,0.0,0.0,0.0,0.0,0.0,0.0,0.0,0.0,0.0,0.0,0.0,0.0,0.0,Raw stats shown - only 10.9 minutes played (minimum 20 minutes required for per-90 calculations)
"Bacnis, Louie",CDM,94.57,66.2,96.9,91.2,49.0,0.0,45.7,starter,San Beda University,34,0.0,0.0,0.0,15.23,14.28,0.95,0.0,0.0,-0.34,6.66,7.61,5.71,0.95,0.95,95.17,10.47,2.86,0.0,0.95,2.86,1.9,66.67,0.0,0.0,93.75,0.0,75.0,36.0,1.3,16.0,15.0,1.0,93.75,0.0,0.0,0.0,-0.36,7.0,0.0,0.0,0.0,0.0,0.0,3.0,2.0,66.67,8.0,6.0,75.0,1.0,1.0,100.0,11.0,3.0,0.0,1.0,1.0,0.0,0.0,0.0,0.0,0.0,15.23,14.28,0.95,0.0,0.0,-0.34,6.66,7.61,5.71,0.95,0.95,95.17,10.47,2.86,0.0,0.95,2.86,1.9,66.67,0.0,0.0,93.75,0.0,75.0,,,,,,,,,,,,,,,,,,,,,,,,,,,,,,,,,,,,,,,,,,,,,,5,Match_5,2025-12-05T12:38:19.976406+00:00,"['CDM', 'CDM']",0,,,,,,,,,,,,,,,,,,,,,,,,,,,,,,,,,,,,,,,,,,,,,,,,,,,,,,,,
"Bayubay, Cesar Ien",FWB,78.42,53.4,92.5,54.4,25.8,0.0,68.9,substitute,San Beda University,14,0.0,0.0,0.0,27.55,24.1,3.44,0.0,0.0,-12.81,1.15,6.89,4.59,0.0,0.0,0.0,3.44,2.3,0.0,0.0,5.74,4.59,80.0,0.0,0.0,87.5,0.0,66.67,129.0,4.67,24.0,21.0,3.0,87.5,0.0,0.0,0.0,-11.16,1.0,0.0,0.0,0.0,0.0,0.0,5.0,4.0,80.0,6.0,4.0,66.67,0.0,0.0,0.0,3.0,2.0,0.0,0.0,0.0,0.0,0.0,0.0,0.0,0.0,27.55,24.1,3.44,0.0,0.0,-12.81,1.15,6.89,4.59,0.0,0.0,0.0,3.44,2.3,0.0,0.0,5.74,4.59,80.0,0.0,0.0,87.5,0.0,66.67,,,,,,,,,,,,,,,,,,,,,,,,,,,,,,,,,,,,,,,,,,,,,,5,Match_5,2025-12-05T12:38:19.976406+00:00,"['FWB', 'LWB']",1,,,,,,,,,,,,,,,,,,,,,,,,,,,,,,,,,,,,,,,,,,,,,,,,,,,,,,,,
"Encaya, Pius",ST,96.55,17.1,,,,,,starter,San Beda University,17,0.93,0.0,0.0,10.25,8.39,1.86,0.0,0.0,-3.13,1.86,1.86,0.93,0.0,0.0,0.0,0.93,0.0,0.0,0.0,7.46,5.59,75.0,0.0,0.0,81.82,0.0,50.0,54.0,1.95,11.0,9.0,2.0,81.82,0.0,0.0,0.0,-3.36,2.0,1.0,0.0,0.0,0.0,0.0,8.0,6.0,75.0,2.0,1.0,50.0,0.0,0.0,0.0,1.0,0.0,0.0,0.0,1.0,0.0,0.0,0.93,0.0,0.0,10.25,8.39,1.86,0.0,0.0,-3.13,1.86,1.86,0.93,0.0,0.0,0.0,0.93,0.0,0.0,0.0,7.46,5.59,75.0,0.0,0.0,81.82,0.0,50.0,10.8,1.5,66.6,22.7,,,,,,,,,,,,,,,,,,,,,,,,,,,,,,,,,,,,,,,,,,5,Match_5,2025-12-05T12:38:19.976406+00:00,"['ST', 'ST', 'ST']",0,,,,,,,,,,,,,,,,,,,,,,,,,,,,,,,,,,,,,,,,,,,,,,,,,,,,,,,,
"Escodo, Bel",CDM,95.02,38.2,65.0,40.9,30.0,0.0,24.6,starter,San Beda University,13,0.0,0.0,0.0,9.47,5.68,3.79,0.0,0.0,2.44,1.89,2.84,1.89,0.0,0.0,0.0,6.63,0.0,0.0,0.0,1.89,1.89,100.0,0.0,0.0,60.0,0.0,66.67,24.0,0.87,10.0,6.0,4.0,60.0,0.0,0.0,0.0,2.58,2.0,0.0,0.0,0.0,0.0,0.0,2.0,2.0,100.0,3.0,2.0,66.67,0.0,0.0,0.0,7.0,0.0,0.0,0.0,0.0,0.0,0.0,0.0,0.0,0.0,9.47,5.68,3.79,0.0,0.0,2.44,1.89,2.84,1.89,0.0,0.0,0.0,6.63,0.0,0.0,0.0,1.89,1.89,100.0,0.0,0.0,60.0,0.0,66.67,,,,,,,,,,,,,,,,,,,,,,,,,,,,,,,,,,,,,,,,,,,,,,5,Match_5,2025-12-05T12:38:19.976406+00:00,"['CDM', 'CAM', 'CDM']",1,,,,,,,,,,,,,,,,,,,,,,,,,,,,,,,,,,,,,,,,,,,,,,,,,,,,,,,,
"Fernandez, Laurence",RW,94.97,15.0,,,,,,starter,San Beda University,38,0.95,0.0,0.0,11.37,5.69,5.69,0.0,0.0,3.61,3.79,0.95,0.95,0.0,0.0,0.0,0.95,0.0,0.0,0.0,6.63,5.69,85.71,0.0,0.0,50.0,0.0,100.0,69.0,2.5,12.0,6.0,6.0,50.0,0.0,0.0,0.0,3.81,4.0,1.0,0.0,0.0,0.0,0.0,7.0,6.0,85.71,1.0,1.0,100.0,0.0,0.0,0.0,1.0,0.0,0.0,0.0,0.0,0.0,0.0,0.95,0.0,0.0,11.37,5.69,5.69,0.0,0.0,3.61,3.79,0.95,0.95,0.0,0.0,0.0,0.95,0.0,0.0,0.0,6.63,5.69,85.71,0.0,0.0,50.0,0.0,100.0,11.1,3.0,44.5,23.2,,,,,,,,,,,,,,,,,,,,,,,,,,,,,,,,,,,,,,,,,,5,Match_5,2025-12-05T12:38:19.976406+00:00,"['RW', 'LWB', 'RW']",1,,,,,,,,,,,,,,,,,,,,,,,,,,,,,,,,,,,,,,,,,,,,,,,,,,,,,,,,
"Libarnes, Jaro",CB,97.35,80.4,,,,,,starter,San Beda University,28,0.92,0.0,0.0,36.98,32.36,4.62,0.92,0.0,3.5,11.09,7.4,7.4,0.0,0.0,0.0,10.17,8.32,0.92,0.92,2.77,0.92,33.33,0.0,0.0,87.5,2.5,100.0,165.0,5.97,40.0,35.0,5.0,87.5,1.0,2.5,0.0,3.79,12.0,1.0,0.0,0.0,0.0,0.0,3.0,1.0,33.33,8.0,8.0,100.0,0.0,0.0,0.0,11.0,9.0,1.0,1.0,1.0,0.0,0.0,0.92,0.0,0.0,36.98,32.36,4.62,0.92,0.0,3.5,11.09,7.4,7.4,0.0,0.0,0.0,10.17,8.32,0.92,0.92,2.77,0.92,33.33,0.0,0.0,87.5,2.5,100.0,,,,,92.5,92.5,28.1,97.8,,,,,,,,,,,,,,,,,,,,,,,,,,,,,,,,,,,,,,5,Match_5,2025-12-05T12:38:19.976406+00:00,"['CB', 'CB', 'CB']",0,,,,,,,,,,,,,,,,,,,,,,,,,,,,,,,,,,,,,,,,,,,,,,,,,,,,,,,,
"Pineda, Jaryl",LW,94.68,22.9,,,,,,starter,San Beda University,57,0.0,0.0,0.0,23.76,19.96,3.8,0.95,0.0,-6.87,2.85,0.0,0.0,0.0,0.0,0.0,1.9,0.95,0.0,0.95,11.41,9.51,83.33,0.0,0.0,84.0,4.0,0.0,127.0,4.59,25.0,21.0,4.0,84.0,1.0,4.0,0.0,-7.23,3.0,0.0,0.0,0.0,0.0,0.0,12.0,10.0,83.33,0.0,0.0,0.0,0.0,0.0,0.0,2.0,1.0,0.0,1.0,0.0,0.0,0.0,0.0,0.0,0.0,23.76,19.96,3.8,0.95,0.0,-6.87,2.85,0.0,0.0,0.0,0.0,0.0,1.9,0.95,0.0,0.95,11.41,9.51,83.33,0.0,0.0,84.0,4.0,0.0,25.0,5.3,58.8,22.4,,,,,,,,,,,,,,,,,,,,,,,,,,,,,,,,,,,,,,,,,,5,Match_5,2025-12-05T12:38:19.976406+00:00,"['LW', 'CAM']",1,,,,,,,,,,,,,,,,,,,,,,,,,,,,,,,,,,,,,,,,,,,,,,,,,,,,,,,,
"Rogero, Stock",RWB,30.27,52.7,,,,,,substitute,San Beda University,14,0.0,0.0,0.0,5.95,5.95,0.0,0.0,0.0,5.2,0.0,0.0,0.0,0.0,0.0,0.0,2.97,0.0,0.0,0.0,0.0,0.0,0.0,0.0,0.0,100.0,0.0,0.0,3.0,0.11,2.0,2.0,0.0,100.0,0.0,0.0,0.0,1.75,0.0,0.0,0.0,0.0,0.0,0.0,0.0,0.0,0.0,0.0,0.0,0.0,0.0,0.0,0.0,1.0,0.0,0.0,0.0,0.0,0.0,0.0,0.0,0.0,0.0,5.95,5.95,0.0,0.0,0.0,5.2,0.0,0.0,0.0,0.0,0.0,0.0,2.97,0.0,0.0,0.0,0.0,0.0,0.0,0.0,0.0,100.0,0.0,0.0,,,,,59.4,60.0,39.5,40.0,,,,,,,,,,,,,,,,,,,,,,,,,,,,,,,,,,,,,,5,Match_5,2025-12-05T12:38:19.976406+00:00,['RWB'],0,,,,,,,,,,,,,,,,,,,,,,,,,,,,,,,,,,,,,,,,,,,,,,,,,,,,,,,,
"Salingay, Sam",ST,95.32,27.0,,,,,,starter,San Beda University,18,0.0,0.0,0.0,14.16,13.22,0.94,0.94,0.0,0.8,3.78,2.83,2.83,0.0,0.0,0.0,0.0,0.0,0.0,0.0,6.61,5.67,85.71,0.0,0.0,93.33,6.67,100.0,75.0,2.71,15.0,14.0,1.0,93.33,1.0,6.67,0.0,0.85,4.0,0.0,0.0,0.0,0.0,0.0,7.0,6.0,85.71,3.0,3.0,100.0,0.0,0.0,0.0,0.0,0.0,0.0,0.0,3.0,0.0,0.0,0.0,0.0,0.0,14.16,13.22,0.94,0.94,0.0,0.8,3.78,2.83,2.83,0.0,0.0,0.0,0.0,0.0,0.0,0.0,6.61,5.67,85.71,0.0,0.0,93.33,6.67,100.0,25.0,6.0,93.7,8.3,,,,,,,,,,,,,,,,,,,,,,,,,,,,,,,,,,,,,,,,,,5,Match_5,2025-12-05T12:38:19.976406+00:00,"['ST', 'ST', 'ST']",0,,,,,,,,,,,,,,,,,,,,,,,,,,,,,,,,,,,,,,,,,,,,,,,,,,,,,,,,
"Sison, JelJel",CB,96.97,51.2,,,,,,starter,San Beda University,31,0.0,0.0,0.0,12.07,11.14,0.93,0.0,0.0,4.0,3.71,2.78,2.78,0.0,0.0,0.0,0.93,0.0,0.0,0.0,3.71,1.86,50.0,0.0,0.0,92.31,0.0,100.0,44.0,1.59,13.0,12.0,1.0,92.31,0.0,0.0,0.0,4.31,4.0,0.0,0.0,0.0,0.0,0.0,4.0,2.0,50.0,3.0,3.0,100.0,0.0,0.0,0.0,1.0,0.0,0.0,0.0,0.0,0.0,0.0,0.0,0.0,0.0,12.07,11.14,0.93,0.0,0.0,4.0,3.71,2.78,2.78,0.0,0.0,0.0,0.93,0.0,0.0,0.0,3.71,1.86,50.0,0.0,0.0,92.31,0.0,100.0,,,,,18.6,73.9,52.1,80.4,,,,,,,,,,,,,,,,,,,,,,,,,,,,,,,,,,,,,,5,Match_5,2025-12-05T12:38:19.976406+00:00,['CB'],0,,,,,,,,,,,,,,,,,,,,,,,,,,,,,,,,,,,,,,,,,,,,,,,,,,,,,,,,
"Soberano, Joselito",LWB,30.27,22.5,,,,,,substitute,San Beda University,10,0.0,0.0,0.0,0.0,0.0,0.0,0.0,0.0,0.0,0.0,0.0,0.0,0.0,0.0,0.0,0.0,0.0,0.0,0.0,0.0,0.0,0.0,0.0,0.0,0.0,0.0,0.0,0.0,0.0,0.0,0.0,0.0,0.0,0.0,0.0,0.0,0.0,0.0,0.0,0.0,0.0,0.0,0.0,0.0,0.0,0.0,0.0,0.0,0.0,0.0,0.0,0.0,0.0,0.0,0.0,0.0,0.0,0.0,0.0,0.0,0.0,0.0,0.0,0.0,0.0,0.0,0.0,0.0,0.0,0.0,0.0,0.0,0.0,0.0,0.0,0.0,0.0,0.0,0.0,0.0,0.0,0.0,0.0,0.0,0.0,0.0,,,,,30.0,0.0,30.0,40.0,,,,,,,,,,,,,,,,,,,,,,,,,,,,,,,,,,,,,,5,Match_5,2025-12-05T12:38:19.976406+00:00,['LWB'],0,,,,,,,,,,,,,,,,,,,,,,,,,,,,,,,,,,,,,,,,,,,,,,,,,,,,,,,,
"Tabelin, Kirvy",CAM,95.2,52.4,80.0,70.0,30.0,0.0,49.2,starter,San Beda University,11,1.89,0.95,0.0,22.69,17.02,5.67,0.0,0.0,-5.76,6.62,0.0,0.0,0.0,0.0,0.0,5.67,0.0,0.0,0.0,12.29,10.4,84.62,50.0,0.0,75.0,0.0,0.0,134.0,4.85,24.0,18.0,6.0,75.0,0.0,0.0,0.0,-6.09,7.0,2.0,1.0,0.0,50.0,0.0,13.0,11.0,84.62,0.0,0.0,0.0,0.0,0.0,0.0,6.0,0.0,0.0,0.0,0.0,0.0,0.0,1.89,0.95,0.0,22.69,17.02,5.67,0.0,0.0,-5.76,6.62,0.0,0.0,0.0,0.0,0.0,5.67,0.0,0.0,0.0,12.29,10.4,84.62,50.0,0.0,75.0,0.0,0.0,,,,,,,,,,,,,,,,,,,,,,,,,,,,,,,,,,,,,,,,,,,,,,5,Match_5,2025-12-05T12:38:19.976406+00:00,"['CAM', 'CAM', 'CAM']",0,,,,,,,,,,,,,,,,,,,,,,,,,,,,,,,,,,,,,,,,,,,,,,,,,,,,,,,,
"Tagara, Pedro",GK,96.72,36.7,,,,,,starter,San Beda University,15,0.0,0.0,0.0,20.47,16.75,3.72,0.0,0.0,-1.27,7.44,0.93,0.93,0.0,0.0,0.0,5.58,0.93,0.0,2.79,0.0,0.0,0.0,0.0,0.0,81.82,0.0,100.0,413.0,14.94,22.0,18.0,4.0,81.82,0.0,0.0,0.0,-1.36,8.0,0.0,0.0,0.0,0.0,0.0,0.0,0.0,0.0,1.0,1.0,100.0,0.0,0.0,0.0,6.0,1.0,0.0,3.0,0.0,0.0,0.0,0.0,0.0,0.0,20.47,16.75,3.72,0.0,0.0,-1.27,7.44,0.93,0.93,0.0,0.0,0.0,5.58,0.93,0.0,2.79,0.0,0.0,0.0,0.0,0.0,81.82,0.0,100.0,,,,,,,,,0.3,78.9,9.3,100.0,100.0,0.93,1.86,2.79,2.79,1.86,33.33,0.93,1.86,2.79,0.33,0.0,2.0,3.0,1.0,2.0,33.33,3.0,2.0,0.93,1.86,2.79,2.79,1.86,33.33,0.93,1.86,2.79,0.33,,,,,5,Match_5,2025-12-05T12:38:19.976406+00:00,"['GK', 'GK']",0,,,,,,,,,,,,,,,,,,,,,,,,,,,,,,,,,,,,,,,,,,,,,,,,,,,,,,,,
"Mellendrez, Prince",RWB,0.0,0.0,,,,,,DNP,San Beda University,12,,,,,,,,,,,,,,,,,,,,,,,,,,,,,,,,,,,,,,,,,,,,,,,,,,,,,,,,,,,,,,,,,,,,,,,,,,,,,,,,,,,,,,,,,,,,,,,,,,,,,,,,,,,,,,,,,,,,,,,,,,,,,,,,0.0,0.0,0.0,0.0,5,Match_5,2025-12-05T12:38:19.976406+00:00,"['RWB', 'RWB']",0,,,,,,,,,,,,,,,,,,,,,,,,,,,,,,,,,,,,,,,,,,,,,,,,,,,,,,,,
Unnamed,,0.0,0.0,,,,,,DNP,University of the Philippines,15,,,,,,,,,,,,,,,,,,,,,,,,,,,,,,,,,,,,,,,,,,,,,,,,,,,,,,,,,,,,,,,,,,,,,,,,,,,,,,,,,,,,,,,,,,,,,,,,,,,,,,,,,,,,,,,,,,,,,,,,,,,,,,,,0.0,0.0,0.0,0.0,5,Match_5,2025-12-05T12:38:19.976406+00:00,"[nan, nan, nan, nan]",0,,,,,,,,,,,,,,,,,,,,,,,,,,,,,,,,,,,,,,,,,,,,,,,,,,,,,,,,
